id,datetime,interval,order_in_interval,order_in_session,style,distance,time,strokes,prev_rest,after_rest
0,2016-07-14 11:56:00,1.0,1,1,FREESTYLE,250,327.055,102,1000.0,61.516
1,2016-07-14 11:56:00,2.0,1,2,FREESTYLE,100,124.874,43,61.516,0.0
2,2016-07-14 11:56:00,2.0,2,3,BREASTSTROKE,100,140.812,61,0.0,0.0
3,2016-07-14 11:56:00,2.0,3,4,FREESTYLE,100,129.684,42,0.0,0.0
4,2016-07-14 11:56:00,2.0,4,5,BACKSTROKE,100,150.994,52,0.0,0.0
5,2016-07-14 11:56:00,2.0,5,6,FREESTYLE,100,131.56,40,0.0,131.32
6,2016-07-14 11:56:00,3.0,1,7,FREESTYLE,50,66.562,20,131.32,0.0
7,2016-07-14 11:56:00,3.0,2,8,BREASTSTROKE,50,72.624,32,0.0,0.0
8,2016-07-14 11:56:00,3.0,3,9,FREESTYLE,50,80.312,27,0.0,0.0
9,2016-07-14 11:56:00,3.0,4,10,BREASTSTROKE,50,60.12,23,0.0,0.0
10,2016-07-14 11:56:00,3.0,5,11,FREESTYLE,50,58.186,18,0.0,1000.0
11,2016-07-15 12:16:00,1.0,1,1,FREESTYLE,50,60.812,18,1000.0,0.0
12,2016-07-15 12:16:00,1.0,2,2,BREASTSTROKE,50,71.62,31,0.0,0.0
13,2016-07-15 12:16:00,1.0,3,3,FREESTYLE,50,62.187,21,0.0,0.0
14,2016-07-15 12:16:00,1.0,4,4,BACKSTROKE,50,82.187,30,0.0,0.0
15,2016-07-15 12:16:00,1.0,5,5,FREESTYLE,50,56.937,18,0.0,54.859
16,2016-07-15 12:16:00,2.0,1,6,FREESTYLE,100,124.498,41,54.859,0.0
17,2016-07-15 12:16:00,2.0,2,7,BREASTSTROKE,100,145.5,59,0.0,0.0
18,2016-07-15 12:16:00,2.0,3,8,FREESTYLE,100,119.624,37,0.0,0.0
19,2016-07-15 12:16:00,2.0,4,9,BACKSTROKE,100,142.124,55,0.0,0.0
20,2016-07-15 12:16:00,2.0,5,10,FREESTYLE,100,132.249,43,0.0,142.891
21,2016-07-15 12:16:00,3.0,1,11,FREESTYLE,250,310.748,105,142.891,1000.0
22,2016-09-06 18:06:00,1.0,1,1,FREESTYLE,200,239.232,79,1000.0,51.719
23,2016-09-06 18:06:00,2.0,1,2,FREESTYLE,100,109.061,43,51.719,12.188
24,2016-09-06 18:06:00,3.0,1,3,FREESTYLE,100,113.124,43,37.688,53.953
25,2016-09-06 18:06:00,4.0,1,4,FREESTYLE,100,110.749,42,53.953,81.469
26,2016-09-06 18:06:00,5.0,1,5,BREASTSTROKE,200,276.368,124,81.469,108.859
27,2016-09-06 18:06:00,6.0,1,6,BACKSTROKE,100,143.244,54,108.859,68.438
28,2016-09-06 18:06:00,7.0,1,7,FREESTYLE,400,494.931,179,68.438,29.422
29,2016-09-06 18:06:00,8.0,1,8,BREASTSTROKE,300,428.747,187,187.484,39.555
30,2016-09-06 18:06:00,9.0,1,9,FREESTYLE,200,276.556,95,39.555,1000.0
31,2016-09-12 18:54:00,1.0,1,1,FREESTYLE,200,231.243,77,1000.0,75.703
32,2016-09-12 18:54:00,2.0,1,2,FREESTYLE,100,105.561,42,75.703,107.367
33,2016-09-12 18:54:00,3.0,1,3,FREESTYLE,100,107.375,40,107.367,119.758
34,2016-09-12 18:54:00,4.0,1,4,FREESTYLE,100,102.062,39,119.758,91.367
35,2016-09-12 18:54:00,5.0,1,5,FREESTYLE,600,766.901,263,91.367,98.422
36,2016-09-12 18:54:00,6.0,1,6,BREASTSTROKE,300,419.995,197,98.422,102.648
37,2016-09-12 18:54:00,7.0,1,7,FREESTYLE,200,229.123,86,102.648,108.875
38,2016-09-12 18:54:00,8.0,1,8,FREESTYLE,50,63.312,21,108.875,0.0
39,2016-09-12 18:54:00,8.0,2,9,BREASTSTROKE,50,73.812,30,0.0,0.0
40,2016-09-12 18:54:00,8.0,3,10,FREESTYLE,50,73.437,23,0.0,0.0
41,2016-09-12 18:54:00,8.0,4,11,BREASTSTROKE,50,81.87,34,0.0,1000.0
42,2016-09-15 18:15:00,1.0,1,1,FREESTYLE,50,61.562,19,1000.0,0.0
43,2016-09-15 18:15:00,1.0,2,2,BREASTSTROKE,50,69.562,32,0.0,0.0
44,2016-09-15 18:15:00,1.0,3,3,FREESTYLE,50,61.187,20,0.0,0.0
45,2016-09-15 18:15:00,1.0,4,4,BREASTSTROKE,50,69.437,33,0.0,55.984
46,2016-09-15 18:15:00,2.0,1,5,FREESTYLE,200,222.551,81,55.984,96.344
47,2016-09-15 18:15:00,3.0,1,6,FREESTYLE,100,100.187,42,96.344,112.7
48,2016-09-15 18:15:00,4.0,1,7,FREESTYLE,500,631.716,212,112.7,126.367
49,2016-09-15 18:15:00,5.0,1,8,BREASTSTROKE,200,269.872,129,126.367,76.563
50,2016-09-15 18:15:00,6.0,1,9,FREESTYLE,100,111.625,42,76.563,60.352
51,2016-09-15 18:15:00,7.0,1,10,FREESTYLE,100,108.937,44,60.352,66.602
52,2016-09-15 18:15:00,8.0,1,11,FREESTYLE,50,62.5,22,66.602,0.0
53,2016-09-15 18:15:00,8.0,2,12,BREASTSTROKE,50,71.562,32,0.0,1000.0
54,2016-09-19 18:37:00,1.0,1,1,FREESTYLE,50,61.057,20,1000.0,0.0
55,2016-09-19 18:37:00,1.0,2,2,BREASTSTROKE,75,69.307,30,0.0,0.0
56,2016-09-19 18:37:00,1.0,3,3,FREESTYLE,50,74.562,24,0.0,0.0
57,2016-09-19 18:37:00,1.0,4,4,BREASTSTROKE,50,57.312,25,0.0,64.688
58,2016-09-19 18:37:00,2.0,1,5,FREESTYLE,200,212.374,81,64.688,70.93
59,2016-09-19 18:37:00,3.0,1,6,FREESTYLE,50,47.687,20,70.93,60.297
60,2016-09-19 18:37:00,4.0,1,7,FREESTYLE,50,50.0,19,60.297,118.328
61,2016-09-19 18:37:00,5.0,1,8,FREESTYLE,525,700.113,248,118.328,156.336
62,2016-09-19 18:37:00,6.0,1,9,FREESTYLE,25,31.75,17,156.336,0.0
63,2016-09-19 18:37:00,6.0,2,10,BREASTSTROKE,475,651.243,305,0.0,211.352
64,2016-09-19 18:37:00,7.0,1,11,FREESTYLE,200,243.179,94,211.352,11.31
65,2016-09-19 18:37:00,8.0,1,12,BREASTSTROKE,50,72.062,32,11.31,1000.0
66,2016-09-22 18:00:00,1.0,1,1,FREESTYLE,100,157.057,56,1000.0,0.0
67,2016-09-22 18:00:00,1.0,2,2,BREASTSTROKE,50,71.62,34,0.0,0.0
68,2016-09-22 18:00:00,1.0,3,3,FREESTYLE,25,33.125,15,0.0,63.156
69,2016-09-22 18:00:00,2.0,1,4,FREESTYLE,100,98.374,40,63.156,74.953
70,2016-09-22 18:00:00,3.0,1,5,FREESTYLE,200,211.562,81,74.953,162.523
71,2016-09-22 18:00:00,4.0,1,6,FREESTYLE,325,433.934,150,162.523,12.39
72,2016-09-22 18:00:00,5.0,1,7,FREESTYLE,1000,1291.594,437,12.39,152.422
73,2016-09-22 18:00:00,6.0,1,8,BREASTSTROKE,200,272.185,132,152.422,1000.0
74,2016-09-26 17:44:00,1.0,1,1,FREESTYLE,100,116.115,38,1000.0,0.0
75,2016-09-26 17:44:00,1.0,2,2,BREASTSTROKE,100,134.119,65,0.0,57.734
76,2016-09-26 17:44:00,2.0,1,3,FREESTYLE,100,95.437,41,57.734,76.852
77,2016-09-26 17:44:00,3.0,1,4,FREESTYLE,1000,1252.219,433,76.852,141.195
78,2016-09-26 17:44:00,4.0,1,5,FREESTYLE,200,214.311,85,141.195,91.164
79,2016-09-26 17:44:00,5.0,1,6,BREASTSTROKE,300,410.934,194,91.164,89.516
80,2016-09-26 17:44:00,6.0,1,7,FREESTYLE,200,224.181,85,89.516,48.602
81,2016-09-26 17:44:00,7.0,1,8,FREESTYLE,100,130.181,45,48.602,0.0
82,2016-09-26 17:44:00,7.0,2,9,BREASTSTROKE,100,151.31,64,0.0,1000.0
83,2016-09-29 17:37:00,1.0,1,1,FREESTYLE,100,130.494,40,1000.0,0.0
84,2016-09-29 17:37:00,1.0,2,2,BREASTSTROKE,100,139.682,61,0.0,80.25
85,2016-09-29 17:37:00,2.0,1,3,FREESTYLE,200,199.18,78,80.25,81.992
86,2016-09-29 17:37:00,3.0,1,4,BREASTSTROKE,100,146.311,63,81.992,114.352
87,2016-09-29 17:37:00,4.0,1,5,FREESTYLE,100,93.437,41,114.352,178.344
88,2016-09-29 17:37:00,5.0,1,6,FREESTYLE,500,832.542,289,178.344,228.289
89,2016-09-29 17:37:00,6.0,1,7,FREESTYLE,700,1082.855,366,228.289,91.844
90,2016-09-29 17:37:00,7.0,1,8,BREASTSTROKE,160,259.56,117,91.844,0.0
91,2016-09-29 17:37:00,7.0,2,9,BACKSTROKE,40,69.499,24,0.0,1000.0
92,2016-10-03 17:37:00,1.0,1,1,FREESTYLE,100,120.436,41,1000.0,0.0
93,2016-10-03 17:37:00,1.0,2,2,BREASTSTROKE,100,128.811,56,0.0,83.0
94,2016-10-03 17:37:00,2.0,1,3,FREESTYLE,200,189.557,73,83.0,140.992
95,2016-10-03 17:37:00,3.0,1,4,FREESTYLE,1000,1306.354,440,140.992,239.63
96,2016-10-03 17:37:00,4.0,1,5,FREESTYLE,20,29.562,13,239.63,0.0
97,2016-10-03 17:37:00,4.0,2,6,BREASTSTROKE,80,122.25,51,0.0,1000.0
98,2016-10-05 18:27:00,1.0,1,1,FREESTYLE,150,179.561,61,1000.0,77.734
99,2016-10-05 18:27:00,2.0,1,2,FREESTYLE,200,196.118,77,77.734,109.609
100,2016-10-05 18:27:00,3.0,1,3,FREESTYLE,1000,1496.144,523,109.609,249.656
101,2016-10-05 18:27:00,4.0,1,4,BREASTSTROKE,125,175.935,85,249.656,0.0
102,2016-10-05 18:27:00,4.0,2,5,BACKSTROKE,25,36.75,13,0.0,1000.0
103,2016-10-09 09:39:00,1.0,1,1,FREESTYLE,100,111.311,36,1000.0,62.16
104,2016-10-09 09:39:00,2.0,1,2,FREESTYLE,225,281.436,107,62.16,78.906
105,2016-10-09 09:39:00,3.0,1,3,FREESTYLE,400,482.741,166,78.906,135.7
106,2016-10-09 09:39:00,4.0,1,4,FREESTYLE,800,1125.302,396,135.7,1000.0
107,2016-10-12 10:01:00,1.0,1,1,FREESTYLE,100,130.057,44,1000.0,0.0
108,2016-10-12 10:01:00,1.0,2,2,BREASTSTROKE,50,66.811,33,0.0,0.0
109,2016-10-12 10:01:00,1.0,3,3,BACKSTROKE,50,71.499,27,0.0,51.117
110,2016-10-12 10:01:00,2.0,1,4,BREASTSTROKE,25,61.875,15,51.117,48.484
111,2016-10-12 10:01:00,3.0,1,5,DRILL,50,100.336,0,48.484,37.539
112,2016-10-12 10:01:00,4.0,1,6,DRILL,50,86.54,0,37.539,59.695
113,2016-10-12 10:01:00,5.0,1,7,DRILL,50,169.164,0,59.695,53.586
114,2016-10-12 10:01:00,6.0,1,8,FREESTYLE,100,99.619,38,53.586,97.906
115,2016-10-12 10:01:00,7.0,1,9,FREESTYLE,100,102.807,39,97.906,93.273
116,2016-10-12 10:01:00,8.0,1,10,FREESTYLE,25,33.375,17,93.273,0.0
117,2016-10-12 10:01:00,8.0,2,11,BREASTSTROKE,75,115.874,53,0.0,98.414
118,2016-10-12 10:01:00,9.0,1,12,FREESTYLE,200,208.619,80,98.414,75.398
119,2016-10-12 10:01:00,10.0,1,13,DRILL,50,22.742,0,75.398,40.945
120,2016-10-12 10:01:00,11.0,1,14,FREESTYLE,50,60.437,21,40.945,52.891
121,2016-10-12 10:01:00,12.0,1,15,FREESTYLE,375,575.623,209,52.891,21.688
122,2016-10-12 10:01:00,13.0,1,16,DRILL,50,7.64,0,21.688,86.336
123,2016-10-12 10:01:00,14.0,1,17,FREESTYLE,25,36.187,18,86.336,0.0
124,2016-10-12 10:01:00,14.0,2,18,BREASTSTROKE,75,109.249,47,0.0,1000.0
125,2016-10-15 08:25:00,1.0,1,1,FREESTYLE,200,250.373,80,1000.0,35.469
126,2016-10-15 08:25:00,2.0,1,2,DRILL,100,214.256,0,35.469,120.242
127,2016-10-15 08:25:00,3.0,1,3,DRILL,100,201.928,0,120.242,55.945
128,2016-10-15 08:25:00,4.0,1,4,DRILL,200,311.384,0,55.945,52.797
129,2016-10-15 08:25:00,5.0,1,5,FREESTYLE,175,211.936,84,52.797,133.555
130,2016-10-15 08:25:00,6.0,1,6,FREESTYLE,700,1057.357,355,133.555,49.859
131,2016-10-15 08:25:00,7.0,1,7,FREESTYLE,25,33.75,18,49.859,0.0
132,2016-10-15 08:25:00,7.0,2,8,BREASTSTROKE,75,113.75,50,0.0,1000.0
133,2016-10-17 18:34:00,1.0,1,1,FREESTYLE,75,93.999,35,1000.0,0.0
134,2016-10-17 18:34:00,1.0,2,2,BREASTSTROKE,25,37.25,18,0.0,0.0
135,2016-10-17 18:34:00,1.0,3,3,FREESTYLE,100,122.124,41,0.0,106.758
136,2016-10-17 18:34:00,2.0,1,4,DRILL,200,482.856,0,106.758,39.703
137,2016-10-17 18:34:00,3.0,1,5,DRILL,200,275.44,0,39.703,18.867
138,2016-10-17 18:34:00,4.0,1,6,DRILL,200,357.2,0,18.867,87.797
139,2016-10-17 18:34:00,5.0,1,7,FREESTYLE,200,201.493,78,87.797,130.828
140,2016-10-17 18:34:00,6.0,1,8,FREESTYLE,375,481.309,166,130.828,104.797
141,2016-10-17 18:34:00,7.0,1,9,BREASTSTROKE,125,170.561,85,104.797,0.0
142,2016-10-17 18:34:00,7.0,2,10,FREESTYLE,25,37.562,17,0.0,0.0
143,2016-10-17 18:34:00,7.0,3,11,BREASTSTROKE,50,76.062,36,0.0,0.0
144,2016-10-17 18:34:00,7.0,4,12,BACKSTROKE,100,146.124,55,0.0,0.0
145,2016-10-17 18:34:00,7.0,5,13,FREESTYLE,75,114.499,40,0.0,1000.0
146,2016-10-19 19:08:00,1.0,1,1,FREESTYLE,125,147.811,56,1000.0,0.0
147,2016-10-19 19:08:00,1.0,2,2,BREASTSTROKE,75,105.749,47,0.0,69.977
148,2016-10-19 19:08:00,2.0,1,3,FREESTYLE,50,45.375,20,69.977,57.961
149,2016-10-19 19:08:00,3.0,1,4,FREESTYLE,75,92.437,41,57.961,51.992
150,2016-10-19 19:08:00,4.0,1,5,BREASTSTROKE,100,136.311,63,51.992,87.656
151,2016-10-19 19:08:00,5.0,1,6,FREESTYLE,200,186.806,80,87.656,68.672
152,2016-10-19 19:08:00,6.0,1,7,BREASTSTROKE,50,68.0,32,68.672,6.859
153,2016-10-19 19:08:00,7.0,1,8,FREESTYLE,575,722.229,251,56.632,63.219
154,2016-10-19 19:08:00,8.0,1,9,BREASTSTROKE,150,205.806,103,63.219,0.0
155,2016-10-19 19:08:00,8.0,2,10,BACKSTROKE,25,44.25,18,0.0,0.0
156,2016-10-19 19:08:00,8.0,3,11,FREESTYLE,25,39.5,12,0.0,1000.0
157,2016-10-21 18:23:00,1.0,1,1,FREESTYLE,125,153.999,56,1000.0,0.0
158,2016-10-21 18:23:00,1.0,2,2,BREASTSTROKE,75,112.562,51,0.0,85.656
159,2016-10-21 18:23:00,2.0,1,3,FREESTYLE,200,194.556,77,85.656,129.23
160,2016-10-21 18:23:00,3.0,1,4,BREASTSTROKE,75,104.873,46,129.23,0.0
161,2016-10-21 18:23:00,3.0,2,5,FREESTYLE,25,37.375,17,0.0,59.289
162,2016-10-21 18:23:00,4.0,1,6,FREESTYLE,800,1015.982,355,59.289,112.797
163,2016-10-21 18:23:00,5.0,1,7,FREESTYLE,25,34.62,15,112.797,0.0
164,2016-10-21 18:23:00,5.0,2,8,BREASTSTROKE,25,43.187,20,0.0,0.0
165,2016-10-21 18:23:00,5.0,3,9,BACKSTROKE,50,80.312,28,0.0,0.0
166,2016-10-21 18:23:00,5.0,4,10,FREESTYLE,50,65.687,21,0.0,0.0
167,2016-10-21 18:23:00,5.0,5,11,BREASTSTROKE,50,84.187,34,0.0,1000.0
168,2016-10-24 18:58:00,1.0,1,1,FREESTYLE,100,123.494,39,1000.0,0.0
169,2016-10-24 18:58:00,1.0,2,2,BREASTSTROKE,100,147.25,64,0.0,37.789
170,2016-10-24 18:58:00,2.0,1,3,DRILL,50,99.632,0,37.789,46.55
171,2016-10-24 18:58:00,3.0,1,4,DRILL,50,85.038,0,46.55,27.961
172,2016-10-24 18:58:00,4.0,1,5,DRILL,50,128.312,0,27.961,76.438
173,2016-10-24 18:58:00,5.0,1,6,DRILL,50,86.944,0,76.438,78.305
174,2016-10-24 18:58:00,6.0,1,7,DRILL,100,134.836,0,78.305,119.477
175,2016-10-24 18:58:00,7.0,1,8,FREESTYLE,200,194.749,79,119.477,94.383
176,2016-10-24 18:58:00,8.0,1,9,BREASTSTROKE,50,72.687,29,94.383,0.0
177,2016-10-24 18:58:00,8.0,2,10,BACKSTROKE,50,77.625,28,0.0,121.656
178,2016-10-24 18:58:00,9.0,1,11,FREESTYLE,1000,1225.472,410,121.656,85.711
179,2016-10-24 18:58:00,10.0,1,12,BREASTSTROKE,150,220.187,100,85.711,0.0
180,2016-10-24 18:58:00,10.0,2,13,FREESTYLE,25,44.937,14,0.0,0.0
181,2016-10-24 18:58:00,10.0,3,14,BREASTSTROKE,25,36.75,11,0.0,1000.0
182,2016-10-27 18:17:00,1.0,1,1,FREESTYLE,100,121.311,41,1000.0,0.0
183,2016-10-27 18:17:00,1.0,2,2,BREASTSTROKE,100,151.124,62,0.0,43.406
184,2016-10-27 18:17:00,2.0,1,3,DRILL,50,110.54,0,43.406,24.883
185,2016-10-27 18:17:00,3.0,1,4,DRILL,50,91.39,0,24.883,37.109
186,2016-10-27 18:17:00,4.0,1,5,DRILL,50,113.656,0,37.109,88.94
187,2016-10-27 18:17:00,5.0,1,6,FREESTYLE,50,61.062,19,88.94,55.859
188,2016-10-27 18:17:00,6.0,1,7,FREESTYLE,200,194.373,74,55.859,136.602
189,2016-10-27 18:17:00,7.0,1,8,BREASTSTROKE,200,313.499,141,136.602,69.977
190,2016-10-27 18:17:00,8.0,1,9,FREESTYLE,1000,1273.463,424,69.977,62.31
191,2016-10-27 18:17:00,9.0,1,10,BREASTSTROKE,100,155.182,69,62.31,0.0
192,2016-10-27 18:17:00,9.0,2,11,FREESTYLE,25,38.187,16,0.0,0.0
193,2016-10-27 18:17:00,9.0,3,12,BREASTSTROKE,75,121.812,52,0.0,10.602
194,2016-10-27 18:17:00,10.0,1,13,BACKSTROKE,150,257.498,84,10.602,18.461
195,2016-10-27 18:17:00,11.0,1,14,FREESTYLE,300,402.304,132,18.461,13.305
196,2016-10-27 18:17:00,12.0,1,15,BREASTSTROKE,25,42.937,19,13.305,0.0
197,2016-10-27 18:17:00,12.0,2,16,BACKSTROKE,25,23.0,7,0.0,0.0
198,2016-10-27 18:17:00,12.0,3,17,BREASTSTROKE,25,20.937,4,0.0,1000.0
199,2016-11-06 10:01:00,1.0,1,1,FREESTYLE,100,124.182,37,1000.0,0.0
200,2016-11-06 10:01:00,1.0,2,2,BREASTSTROKE,25,39.187,17,0.0,0.0
201,2016-11-06 10:01:00,1.0,3,3,FREESTYLE,25,26.875,12,0.0,0.0
202,2016-11-06 10:01:00,1.0,4,4,BREASTSTROKE,50,75.187,32,0.0,137.148
203,2016-11-06 10:01:00,2.0,1,5,DRILL,50,68.46,0,137.148,7.539
204,2016-11-06 10:01:00,3.0,1,6,DRILL,50,98.476,0,7.539,33.898
205,2016-11-06 10:01:00,4.0,1,7,DRILL,50,91.68,0,33.898,98.445
206,2016-11-06 10:01:00,5.0,1,8,DRILL,50,91.882,0,98.445,11.805
207,2016-11-06 10:01:00,6.0,1,9,DRILL,50,89.5,0,11.805,21.5
208,2016-11-06 10:01:00,7.0,1,10,FREESTYLE,50,56.375,18,21.5,27.39
209,2016-11-06 10:01:00,8.0,1,11,FREESTYLE,50,62.25,20,27.39,11.313
210,2016-11-06 10:01:00,9.0,1,12,FREESTYLE,25,31.937,15,11.313,0.0
211,2016-11-06 10:01:00,9.0,2,13,BREASTSTROKE,25,36.0,15,0.0,80.18
212,2016-11-06 10:01:00,10.0,1,14,FREESTYLE,200,203.681,70,80.18,57.453
213,2016-11-06 10:01:00,11.0,1,15,BREASTSTROKE,100,126.874,59,57.453,14.359
214,2016-11-06 10:01:00,12.0,1,16,BACKSTROKE,100,150.869,51,14.359,69.547
215,2016-11-06 10:01:00,13.0,1,17,FREESTYLE,500,614.093,200,69.547,65.539
216,2016-11-06 10:01:00,14.0,1,18,BREASTSTROKE,100,152.624,64,65.539,0.0
217,2016-11-06 10:01:00,14.0,2,19,FREESTYLE,25,37.437,17,0.0,0.0
218,2016-11-06 10:01:00,14.0,3,20,BREASTSTROKE,50,77.187,35,0.0,0.0
219,2016-11-06 10:01:00,14.0,4,21,BACKSTROKE,25,42.25,14,0.0,1000.0
220,2016-11-08 19:25:00,1.0,1,1,FREESTYLE,100,123.124,40,1000.0,0.0
221,2016-11-08 19:25:00,1.0,2,2,BREASTSTROKE,100,144.874,62,0.0,56.367
222,2016-11-08 19:25:00,2.0,1,3,DRILL,50,87.758,0,56.367,33.117
223,2016-11-08 19:25:00,3.0,1,4,DRILL,50,89.164,0,33.117,16.898
224,2016-11-08 19:25:00,4.0,1,5,DRILL,50,83.374,0,16.898,46.813
225,2016-11-08 19:25:00,5.0,1,6,DRILL,50,74.22,0,46.813,32.351
226,2016-11-08 19:25:00,6.0,1,7,DRILL,50,96.78,0,32.351,8.781
227,2016-11-08 19:25:00,7.0,1,8,DRILL,50,71.96,0,8.781,38.39
228,2016-11-08 19:25:00,8.0,1,9,FREESTYLE,100,122.624,37,38.39,0.828
229,2016-11-08 19:25:00,9.0,1,10,FREESTYLE,100,95.749,35,113.641,131.438
230,2016-11-08 19:25:00,10.0,1,11,FREESTYLE,100,95.874,34,131.438,62.773
231,2016-11-08 19:25:00,11.0,1,12,BREASTSTROKE,50,58.812,26,62.773,4.38
232,2016-11-08 19:25:00,12.0,1,13,BREASTSTROKE,50,71.124,30,4.38,33.797
233,2016-11-08 19:25:00,13.0,1,14,FREESTYLE,600,741.797,236,33.797,42.523
234,2016-11-08 19:25:00,14.0,1,15,BREASTSTROKE,100,150.999,64,42.523,16.852
235,2016-11-08 19:25:00,15.0,1,16,FREESTYLE,100,128.375,41,16.852,1.797
236,2016-11-08 19:25:00,16.0,1,17,BREASTSTROKE,75,85.499,34,1.797,1000.0
237,2016-11-12 19:13:00,1.0,1,1,FREESTYLE,100,132.436,40,1000.0,0.0
238,2016-11-12 19:13:00,1.0,2,2,BREASTSTROKE,75,72.557,27,0.0,0.0
239,2016-11-12 19:13:00,1.0,3,3,BACKSTROKE,50,68.187,21,0.0,141.242
240,2016-11-12 19:13:00,2.0,1,4,DRILL,100,151.32,0,141.242,7.742
241,2016-11-12 19:13:00,3.0,1,5,DRILL,100,176.74,0,7.742,15.82
242,2016-11-12 19:13:00,4.0,1,6,DRILL,100,146.692,0,15.82,21.55
243,2016-11-12 19:13:00,5.0,1,7,FREESTYLE,50,62.062,18,21.55,65.18
244,2016-11-12 19:13:00,6.0,1,8,FREESTYLE,100,91.374,39,65.18,53.992
245,2016-11-12 19:13:00,7.0,1,9,BREASTSTROKE,100,148.561,62,78.18,44.594
246,2016-11-12 19:13:00,8.0,1,10,FREESTYLE,50,55.312,27,44.594,19.492
247,2016-11-12 19:13:00,9.0,1,11,BACKSTROKE,50,86.187,29,19.492,29.359
248,2016-11-12 19:13:00,10.0,1,12,FREESTYLE,800,1017.855,333,29.359,30.23
249,2016-11-12 19:13:00,11.0,1,13,BREASTSTROKE,100,165.624,68,30.23,1000.0
250,2016-11-16 19:22:00,1.0,1,1,FREESTYLE,100,116.124,39,1000.0,0.0
251,2016-11-16 19:22:00,1.0,2,2,BREASTSTROKE,50,79.187,33,0.0,0.0
252,2016-11-16 19:22:00,1.0,3,3,BACKSTROKE,50,81.499,27,0.0,60.281
253,2016-11-16 19:22:00,2.0,1,4,DRILL,50,91.046,0,60.281,8.453
254,2016-11-16 19:22:00,3.0,1,5,DRILL,50,89.88,0,8.453,20.688
255,2016-11-16 19:22:00,4.0,1,6,DRILL,50,71.124,0,20.688,22.625
256,2016-11-16 19:22:00,5.0,1,7,DRILL,50,89.874,0,22.625,73.625
257,2016-11-16 19:22:00,6.0,1,8,FREESTYLE,100,93.124,36,73.625,55.25
258,2016-11-16 19:22:00,7.0,1,9,BREASTSTROKE,100,141.936,58,55.25,23.578
259,2016-11-16 19:22:00,8.0,1,10,BACKSTROKE,100,155.999,53,23.578,58.82
260,2016-11-16 19:22:00,9.0,1,11,FREESTYLE,1000,1182.294,384,58.82,100.336
261,2016-11-16 19:22:00,10.0,1,12,BREASTSTROKE,50,75.62,31,100.336,0.0
262,2016-11-16 19:22:00,10.0,2,13,FREESTYLE,25,42.5,17,0.0,0.0
263,2016-11-16 19:22:00,10.0,3,14,BREASTSTROKE,25,37.0,14,0.0,1000.0
264,2016-11-20 09:20:00,1.0,1,1,FREESTYLE,100,122.312,37,1000.0,0.0
265,2016-11-20 09:20:00,1.0,2,2,BREASTSTROKE,100,146.182,61,0.0,136.602
266,2016-11-20 09:20:00,2.0,1,3,DRILL,50,69.4,0,136.602,51.547
267,2016-11-20 09:20:00,3.0,1,4,DRILL,50,23.438,0,51.547,5.938
268,2016-11-20 09:20:00,4.0,1,5,DRILL,50,97.742,0,5.938,193.695
269,2016-11-20 09:20:00,5.0,1,6,DRILL,50,95.546,0,193.695,31.891
270,2016-11-20 09:20:00,6.0,1,7,DRILL,50,71.672,0,31.891,3.828
271,2016-11-20 09:20:00,7.0,1,8,DRILL,50,74.08,0,3.828,87.492
272,2016-11-20 09:20:00,8.0,1,9,FREESTYLE,100,91.998,37,87.492,62.586
273,2016-11-20 09:20:00,9.0,1,10,BREASTSTROKE,100,145.811,65,62.586,17.719
274,2016-11-20 09:20:00,10.0,1,11,FREESTYLE,1000,1235.366,413,17.719,18.78
275,2016-11-20 09:20:00,11.0,1,12,FREESTYLE,50,68.312,23,18.78,0.0
276,2016-11-20 09:20:00,11.0,2,13,BREASTSTROKE,100,155.061,66,0.0,0.0
277,2016-11-20 09:20:00,11.0,3,14,BACKSTROKE,50,94.499,31,0.0,0.0
278,2016-11-20 09:20:00,11.0,4,15,FREESTYLE,50,69.25,22,0.0,0.0
279,2016-11-20 09:20:00,11.0,5,16,BREASTSTROKE,50,77.437,27,0.0,1000.0
280,2016-11-22 19:41:00,1.0,1,1,FREESTYLE,100,122.624,38,1000.0,0.0
281,2016-11-22 19:41:00,1.0,2,2,BREASTSTROKE,100,145.619,59,0.0,60.609
282,2016-11-22 19:41:00,2.0,1,3,DRILL,50,91.046,0,60.609,11.328
283,2016-11-22 19:41:00,3.0,1,4,DRILL,50,90.976,0,11.328,27.711
284,2016-11-22 19:41:00,4.0,1,5,DRILL,50,83.03,0,27.711,23.156
285,2016-11-22 19:41:00,5.0,1,6,DRILL,50,82.672,0,23.156,9.578
286,2016-11-22 19:41:00,6.0,1,7,DRILL,50,107.0,0,9.578,11.313
287,2016-11-22 19:41:00,7.0,1,8,DRILL,50,101.944,0,11.313,15.617
288,2016-11-22 19:41:00,8.0,1,9,DRILL,50,75.194,0,15.617,5.992
289,2016-11-22 19:41:00,9.0,1,10,DRILL,50,70.414,0,5.992,80.211
290,2016-11-22 19:41:00,10.0,1,11,FREESTYLE,100,93.248,36,80.211,65.233
291,2016-11-22 19:41:00,11.0,1,12,BREASTSTROKE,100,140.499,56,65.233,77.43
292,2016-11-22 19:41:00,12.0,1,13,FREESTYLE,1000,1197.114,406,77.43,114.617
293,2016-11-22 19:41:00,13.0,1,14,BREASTSTROKE,100,138.0,58,114.617,0.0
294,2016-11-22 19:41:00,13.0,2,15,BACKSTROKE,25,41.375,15,0.0,0.0
295,2016-11-22 19:41:00,13.0,3,16,BREASTSTROKE,25,33.375,15,0.0,0.0
296,2016-11-22 19:41:00,13.0,4,17,BACKSTROKE,25,52.5,18,0.0,0.0
297,2016-11-22 19:41:00,13.0,5,18,BREASTSTROKE,25,41.437,17,0.0,1000.0
298,2016-11-25 19:38:00,1.0,1,1,FREESTYLE,100,122.562,40,1000.0,0.0
299,2016-11-25 19:38:00,1.0,2,2,BREASTSTROKE,100,137.999,63,0.0,81.258
300,2016-11-25 19:38:00,2.0,1,3,DRILL,50,73.344,0,81.258,6.969
301,2016-11-25 19:38:00,3.0,1,4,DRILL,50,90.852,0,6.969,23.586
302,2016-11-25 19:38:00,4.0,1,5,DRILL,50,84.992,0,23.586,12.7
303,2016-11-25 19:38:00,5.0,1,6,DRILL,50,86.272,0,12.7,4.414
304,2016-11-25 19:38:00,6.0,1,7,DRILL,50,74.562,0,4.414,6.63
305,2016-11-25 19:38:00,7.0,1,8,DRILL,50,94.406,0,6.63,32.906
306,2016-11-25 19:38:00,8.0,1,9,DRILL,50,72.78,0,32.906,12.297
307,2016-11-25 19:38:00,9.0,1,10,DRILL,50,95.616,0,12.297,9.758
308,2016-11-25 19:38:00,10.0,1,11,DRILL,50,67.508,0,9.758,55.68
309,2016-11-25 19:38:00,11.0,1,12,FREESTYLE,200,193.622,83,55.68,23.414
310,2016-11-25 19:38:00,12.0,1,13,BREASTSTROKE,100,143.625,64,23.414,0.0
311,2016-11-25 19:38:00,12.0,2,14,BACKSTROKE,100,155.249,55,0.0,50.391
312,2016-11-25 19:38:00,13.0,1,15,FREESTYLE,500,634.225,212,50.391,99.664
313,2016-11-25 19:38:00,14.0,1,16,BREASTSTROKE,175,216.373,89,99.664,0.0
314,2016-11-25 19:38:00,14.0,2,17,FREESTYLE,25,35.62,11,0.0,0.0
315,2016-11-25 19:38:00,14.0,3,18,BACKSTROKE,25,37.937,14,0.0,1000.0
316,2016-12-02 19:58:00,1.0,1,1,FREESTYLE,100,119.811,40,1000.0,0.0
317,2016-12-02 19:58:00,1.0,2,2,BREASTSTROKE,100,144.249,64,0.0,37.55
318,2016-12-02 19:58:00,2.0,1,3,DRILL,100,162.32,0,37.55,36.266
319,2016-12-02 19:58:00,3.0,1,4,DRILL,100,149.64,0,36.266,12.961
320,2016-12-02 19:58:00,4.0,1,5,DRILL,100,193.2,0,12.961,88.672
321,2016-12-02 19:58:00,5.0,1,6,FREESTYLE,100,91.985,38,88.672,48.16
322,2016-12-02 19:58:00,6.0,1,7,BREASTSTROKE,100,141.249,64,48.16,7.633
323,2016-12-02 19:58:00,7.0,1,8,BACKSTROKE,100,161.874,53,7.633,56.438
324,2016-12-02 19:58:00,8.0,1,9,FREESTYLE,500,599.864,207,56.438,62.273
325,2016-12-02 19:58:00,9.0,1,10,BREASTSTROKE,50,66.874,31,62.273,0.0
326,2016-12-02 19:58:00,9.0,2,11,FREESTYLE,50,70.75,24,0.0,0.0
327,2016-12-02 19:58:00,9.0,3,12,BREASTSTROKE,50,69.311,31,0.0,0.0
328,2016-12-02 19:58:00,9.0,4,13,FREESTYLE,50,67.999,22,0.0,1000.0
329,2016-12-05 19:11:00,1.0,1,1,FREESTYLE,50,72.999,26,1000.0,0.0
330,2016-12-05 19:11:00,1.0,2,2,BREASTSTROKE,100,133.999,57,0.0,0.0
331,2016-12-05 19:11:00,1.0,3,3,FREESTYLE,50,67.932,23,0.0,56.734
332,2016-12-05 19:11:00,2.0,1,4,DRILL,400,457.552,0,56.734,132.0
333,2016-12-05 19:11:00,3.0,1,5,FREESTYLE,100,94.187,35,132.0,44.594
334,2016-12-05 19:11:00,4.0,1,6,BREASTSTROKE,100,146.681,60,44.594,106.703
335,2016-12-05 19:11:00,5.0,1,7,FREESTYLE,100,91.687,40,106.703,51.469
336,2016-12-05 19:11:00,6.0,1,8,BREASTSTROKE,100,145.562,64,51.469,27.523
337,2016-12-05 19:11:00,7.0,1,9,FREESTYLE,800,948.299,333,27.523,47.789
338,2016-12-05 19:11:00,8.0,1,10,BREASTSTROKE,50,94.312,37,47.789,0.0
339,2016-12-05 19:11:00,8.0,2,11,FREESTYLE,75,113.999,36,0.0,0.0
340,2016-12-05 19:11:00,8.0,3,12,BREASTSTROKE,50,101.62,36,0.0,0.0
341,2016-12-05 19:11:00,8.0,4,13,FREESTYLE,25,45.562,10,0.0,1000.0
342,2016-12-10 12:45:00,1.0,1,1,BREASTSTROKE,25,33.812,15,1000.0,0.0
343,2016-12-10 12:45:00,1.0,2,2,FREESTYLE,25,38.125,17,0.0,5.695
344,2016-12-10 12:45:00,2.0,1,3,BREASTSTROKE,50,67.312,31,5.695,0.0
345,2016-12-10 12:45:00,2.0,2,4,FREESTYLE,100,126.937,41,0.0,34.281
346,2016-12-10 12:45:00,3.0,1,5,FREESTYLE,400,508.611,163,34.281,12.477
347,2016-12-10 12:45:00,4.0,1,6,BACKSTROKE,50,79.249,28,12.477,41.297
348,2016-12-10 12:45:00,5.0,1,7,BREASTSTROKE,50,89.625,39,41.297,0.0
349,2016-12-10 12:45:00,5.0,2,8,FREESTYLE,50,65.812,23,0.0,0.0
350,2016-12-10 12:45:00,5.0,3,9,BREASTSTROKE,50,75.749,32,0.0,0.0
351,2016-12-10 12:45:00,5.0,4,10,FREESTYLE,50,68.125,23,0.0,0.0
352,2016-12-10 12:45:00,5.0,5,11,BREASTSTROKE,50,83.24,35,0.0,0.0
353,2016-12-10 12:45:00,5.0,6,12,FREESTYLE,50,67.187,21,0.0,0.0
354,2016-12-10 12:45:00,5.0,7,13,BREASTSTROKE,50,82.687,35,0.0,0.0
355,2016-12-10 12:45:00,5.0,8,14,FREESTYLE,50,67.0,22,0.0,51.5
356,2016-12-10 12:45:00,6.0,1,15,FREESTYLE,800,951.974,344,51.5,44.633
357,2016-12-10 12:45:00,7.0,1,16,BREASTSTROKE,50,81.749,36,44.633,0.0
358,2016-12-10 12:45:00,7.0,2,17,FREESTYLE,75,130.248,46,0.0,0.0
359,2016-12-10 12:45:00,7.0,3,18,BREASTSTROKE,25,38.125,17,0.0,0.0
360,2016-12-10 12:45:00,7.0,4,19,BACKSTROKE,25,44.62,16,0.0,1000.0
361,2016-12-12 19:34:00,1.0,1,1,BREASTSTROKE,50,73.187,31,1000.0,0.0
362,2016-12-12 19:34:00,1.0,2,2,FREESTYLE,50,61.625,20,0.0,0.0
363,2016-12-12 19:34:00,1.0,3,3,BREASTSTROKE,50,71.25,31,0.0,0.0
364,2016-12-12 19:34:00,1.0,4,4,FREESTYLE,50,63.75,20,0.0,53.531
365,2016-12-12 19:34:00,2.0,1,5,FREESTYLE,500,609.24,192,53.531,42.133
366,2016-12-12 19:34:00,3.0,1,6,BREASTSTROKE,150,214.562,89,42.133,0.0
367,2016-12-12 19:34:00,3.0,2,7,FREESTYLE,25,36.25,15,0.0,0.0
368,2016-12-12 19:34:00,3.0,3,8,BREASTSTROKE,25,39.125,16,0.0,47.313
369,2016-12-12 19:34:00,4.0,1,9,FREESTYLE,325,421.498,146,47.313,0.0
370,2016-12-12 19:34:00,4.0,2,10,BREASTSTROKE,25,40.937,12,0.0,0.0
371,2016-12-12 19:34:00,4.0,3,11,FREESTYLE,525,660.67,232,0.0,0.0
372,2016-12-12 19:34:00,4.0,4,12,BREASTSTROKE,25,12.5,4,0.0,8.445
373,2016-12-12 19:34:00,5.0,1,13,BREASTSTROKE,50,80.812,37,8.445,1000.0
374,2016-12-16 19:29:00,1.0,1,1,FREESTYLE,50,64.5,20,1000.0,0.0
375,2016-12-16 19:29:00,1.0,2,2,BREASTSTROKE,50,76.937,32,0.0,0.0
376,2016-12-16 19:29:00,1.0,3,3,FREESTYLE,50,71.625,24,0.0,0.0
377,2016-12-16 19:29:00,1.0,4,4,BREASTSTROKE,50,69.995,30,0.0,12.477
378,2016-12-16 19:29:00,2.0,1,5,FREESTYLE,800,967.971,339,12.477,52.859
379,2016-12-16 19:29:00,3.0,1,6,BREASTSTROKE,200,313.56,130,52.859,53.898
380,2016-12-16 19:29:00,4.0,1,7,FREESTYLE,625,754.057,262,53.898,9.742
381,2016-12-16 19:29:00,5.0,1,8,BREASTSTROKE,50,79.812,34,9.742,0.0
382,2016-12-16 19:29:00,5.0,2,9,FREESTYLE,50,70.625,23,0.0,0.0
383,2016-12-16 19:29:00,5.0,3,10,BREASTSTROKE,100,162.437,58,0.0,1000.0
384,2017-02-04 18:40:00,1.0,1,1,BREASTSTROKE,125,140.124,59,1000.0,0.0
385,2017-02-04 18:40:00,1.0,2,2,FREESTYLE,100,129.994,38,0.0,53.438
386,2017-02-04 18:40:00,2.0,1,3,FREESTYLE,100,121.682,38,53.438,0.0
387,2017-02-04 18:40:00,2.0,2,4,BREASTSTROKE,100,128.25,60,0.0,0.0
388,2017-02-04 18:40:00,2.0,3,5,BACKSTROKE,100,136.562,51,0.0,0.0
389,2017-02-04 18:40:00,2.0,4,6,FREESTYLE,100,122.499,40,0.0,28.922
390,2017-02-04 18:40:00,3.0,1,7,BREASTSTROKE,100,145.624,62,28.922,22.336
391,2017-02-04 18:40:00,4.0,1,8,FREESTYLE,250,326.747,110,22.336,0.0
392,2017-02-04 18:40:00,4.0,2,9,BREASTSTROKE,25,34.625,15,0.0,0.0
393,2017-02-04 18:40:00,4.0,3,10,BACKSTROKE,25,25.812,8,0.0,0.0
394,2017-02-04 18:40:00,4.0,4,11,BREASTSTROKE,25,33.812,16,0.0,1000.0
395,2017-02-17 19:35:00,1.0,1,1,BREASTSTROKE,25,35.937,13,1000.0,0.0
396,2017-02-17 19:35:00,1.0,2,2,FREESTYLE,75,95.562,32,0.0,0.0
397,2017-02-17 19:35:00,1.0,3,3,BREASTSTROKE,50,67.937,29,0.0,0.0
398,2017-02-17 19:35:00,1.0,4,4,FREESTYLE,50,86.932,25,0.0,9.117
399,2017-02-17 19:35:00,2.0,1,5,FREESTYLE,50,65.249,26,9.117,0.0
400,2017-02-17 19:35:00,2.0,2,6,BREASTSTROKE,50,55.937,25,0.0,0.0
401,2017-02-17 19:35:00,2.0,3,7,BACKSTROKE,50,63.25,25,0.0,0.0
402,2017-02-17 19:35:00,2.0,4,8,FREESTYLE,50,57.499,18,0.0,48.594
403,2017-02-17 19:35:00,3.0,1,9,BREASTSTROKE,50,72.312,31,48.594,0.0
404,2017-02-17 19:35:00,3.0,2,10,FREESTYLE,50,65.125,20,0.0,123.773
405,2017-02-17 19:35:00,4.0,1,11,FREESTYLE,50,48.87,19,123.773,0.0
406,2017-02-17 19:35:00,4.0,2,12,BREASTSTROKE,50,55.995,31,0.0,0.0
407,2017-02-17 19:35:00,4.0,3,13,BACKSTROKE,50,68.374,30,0.0,0.0
408,2017-02-17 19:35:00,4.0,4,14,FREESTYLE,50,58.437,22,0.0,66.23
409,2017-02-17 19:35:00,5.0,1,15,BREASTSTROKE,100,157.557,65,66.23,13.164
410,2017-02-17 19:35:00,6.0,1,16,FREESTYLE,75,135.436,45,13.164,13.945
411,2017-02-17 19:35:00,7.0,1,17,BREASTSTROKE,50,76.562,32,13.945,0.0
412,2017-02-17 19:35:00,7.0,2,18,FREESTYLE,25,38.625,12,0.0,0.0
413,2017-02-17 19:35:00,7.0,3,19,BREASTSTROKE,25,38.75,15,0.0,1000.0
414,2017-02-21 07:08:00,1.0,1,1,BREASTSTROKE,50,70.124,26,1000.0,0.0
415,2017-02-21 07:08:00,1.0,2,2,FREESTYLE,50,62.437,19,0.0,0.0
416,2017-02-21 07:08:00,1.0,3,3,BREASTSTROKE,50,72.557,30,0.0,0.0
417,2017-02-21 07:08:00,1.0,4,4,FREESTYLE,50,63.875,21,0.0,32.969
418,2017-02-21 07:08:00,2.0,1,5,FREESTYLE,50,60.187,22,32.969,0.0
419,2017-02-21 07:08:00,2.0,2,6,BREASTSTROKE,50,61.937,29,0.0,0.0
420,2017-02-21 07:08:00,2.0,3,7,BACKSTROKE,50,64.687,28,0.0,0.0
421,2017-02-21 07:08:00,2.0,4,8,FREESTYLE,25,32.875,11,0.0,32.116
422,2017-02-21 07:08:00,3.0,1,9,BREASTSTROKE,50,66.437,28,32.116,0.0
423,2017-02-21 07:08:00,3.0,2,10,FREESTYLE,50,65.687,21,0.0,58.18
424,2017-02-21 07:08:00,4.0,1,11,FREESTYLE,100,108.437,34,58.18,0.0
425,2017-02-21 07:08:00,4.0,2,12,BREASTSTROKE,100,140.124,61,0.0,0.0
426,2017-02-21 07:08:00,4.0,3,13,BACKSTROKE,100,128.436,50,0.0,0.0
427,2017-02-21 07:08:00,4.0,4,14,FREESTYLE,100,115.749,40,0.0,65.375
428,2017-02-21 07:08:00,5.0,1,15,BREASTSTROKE,50,69.5,30,65.375,0.0
429,2017-02-21 07:08:00,5.0,2,16,FREESTYLE,25,34.187,10,0.0,0.0
430,2017-02-21 07:08:00,5.0,3,17,BACKSTROKE,25,37.687,14,0.0,1000.0
431,2017-02-23 07:08:00,1.0,1,1,BREASTSTROKE,50,78.374,30,1000.0,0.0
432,2017-02-23 07:08:00,1.0,2,2,FREESTYLE,50,54.874,17,0.0,0.0
433,2017-02-23 07:08:00,1.0,3,3,BREASTSTROKE,50,72.745,29,0.0,0.0
434,2017-02-23 07:08:00,1.0,4,4,FREESTYLE,50,62.312,20,0.0,52.289
435,2017-02-23 07:08:00,2.0,1,5,FREESTYLE,50,52.437,16,52.289,0.0
436,2017-02-23 07:08:00,2.0,2,6,BREASTSTROKE,50,53.625,25,0.0,0.0
437,2017-02-23 07:08:00,2.0,3,7,BACKSTROKE,50,66.187,27,0.0,0.0
438,2017-02-23 07:08:00,2.0,4,8,FREESTYLE,50,61.187,21,0.0,43.234
439,2017-02-23 07:08:00,3.0,1,9,FREESTYLE,500,612.111,195,43.234,50.938
440,2017-02-23 07:08:00,4.0,1,10,BREASTSTROKE,50,74.875,28,50.938,3.953
441,2017-02-23 07:08:00,5.0,1,11,BREASTSTROKE,50,69.875,28,3.953,1000.0
442,2017-02-25 19:10:00,1.0,1,1,BREASTSTROKE,50,85.25,32,1000.0,0.0
443,2017-02-25 19:10:00,1.0,2,2,FREESTYLE,50,61.749,18,0.0,0.0
444,2017-02-25 19:10:00,1.0,3,3,BREASTSTROKE,50,71.874,28,0.0,0.0
445,2017-02-25 19:10:00,1.0,4,4,FREESTYLE,50,66.375,20,0.0,20.672
446,2017-02-25 19:10:00,2.0,1,5,DRILL,50,107.234,0,20.672,35.78
447,2017-02-25 19:10:00,3.0,1,6,DRILL,50,103.874,0,35.78,43.375
448,2017-02-25 19:10:00,4.0,1,7,FREESTYLE,50,57.562,19,43.375,0.0
449,2017-02-25 19:10:00,4.0,2,8,BREASTSTROKE,50,50.124,26,0.0,0.0
450,2017-02-25 19:10:00,4.0,3,9,BACKSTROKE,50,70.437,31,0.0,0.0
451,2017-02-25 19:10:00,4.0,4,10,FREESTYLE,50,47.245,17,0.0,55.852
452,2017-02-25 19:10:00,5.0,1,11,BREASTSTROKE,50,74.374,30,55.852,0.0
453,2017-02-25 19:10:00,5.0,2,12,BACKSTROKE,50,78.437,27,0.0,28.742
454,2017-02-25 19:10:00,6.0,1,13,DRILL,50,131.382,0,28.742,18.242
455,2017-02-25 19:10:00,7.0,1,14,DRILL,50,119.25,0,18.242,131.625
456,2017-02-25 19:10:00,8.0,1,15,FREESTYLE,50,61.182,22,131.625,0.0
457,2017-02-25 19:10:00,8.0,2,16,BREASTSTROKE,50,57.312,29,0.0,0.0
458,2017-02-25 19:10:00,8.0,3,17,BACKSTROKE,50,70.495,28,0.0,0.0
459,2017-02-25 19:10:00,8.0,4,18,FREESTYLE,25,34.437,13,0.0,20.711
460,2017-02-25 19:10:00,9.0,1,19,BREASTSTROKE,25,36.562,16,20.711,0.0
461,2017-02-25 19:10:00,9.0,2,20,FREESTYLE,50,72.062,23,0.0,0.0
462,2017-02-25 19:10:00,9.0,3,21,BREASTSTROKE,25,34.25,13,0.0,1000.0
463,2017-02-28 07:08:00,1.0,1,1,BREASTSTROKE,50,76.0,28,1000.0,0.0
464,2017-02-28 07:08:00,1.0,2,2,FREESTYLE,50,72.75,23,0.0,0.0
465,2017-02-28 07:08:00,1.0,3,3,BREASTSTROKE,50,64.125,28,0.0,0.0
466,2017-02-28 07:08:00,1.0,4,4,FREESTYLE,50,60.937,18,0.0,21.477
467,2017-02-28 07:08:00,2.0,1,5,DRILL,50,133.922,0,21.477,38.141
468,2017-02-28 07:08:00,3.0,1,6,DRILL,50,105.272,0,38.141,14.102
469,2017-02-28 07:08:00,4.0,1,7,FREESTYLE,75,112.686,38,14.102,0.0
470,2017-02-28 07:08:00,4.0,2,8,BREASTSTROKE,100,131.747,60,0.0,0.0
471,2017-02-28 07:08:00,4.0,3,9,BACKSTROKE,100,127.368,51,0.0,0.0
472,2017-02-28 07:08:00,4.0,4,10,FREESTYLE,100,111.124,39,0.0,65.586
473,2017-02-28 07:08:00,5.0,1,11,DRILL,50,98.21,0,65.586,5.977
474,2017-02-28 07:08:00,6.0,1,12,DRILL,50,108.562,0,5.977,10.188
475,2017-02-28 07:08:00,7.0,1,13,DRILL,50,100.202,0,10.188,15.984
476,2017-02-28 07:08:00,8.0,1,14,BREASTSTROKE,50,68.375,28,15.984,0.0
477,2017-02-28 07:08:00,8.0,2,15,FREESTYLE,50,69.375,24,0.0,0.0
478,2017-02-28 07:08:00,8.0,3,16,BREASTSTROKE,50,67.87,28,0.0,1000.0
479,2017-03-02 07:08:00,1.0,1,1,BREASTSTROKE,50,73.437,28,1000.0,0.0
480,2017-03-02 07:08:00,1.0,2,2,FREESTYLE,50,64.687,20,0.0,0.0
481,2017-03-02 07:08:00,1.0,3,3,BREASTSTROKE,50,66.245,32,0.0,0.0
482,2017-03-02 07:08:00,1.0,4,4,FREESTYLE,50,61.187,18,0.0,33.391
483,2017-03-02 07:08:00,2.0,1,5,DRILL,50,103.108,0,33.391,8.77
484,2017-03-02 07:08:00,3.0,1,6,DRILL,50,114.804,0,8.77,32.508
485,2017-03-02 07:08:00,4.0,1,7,FREESTYLE,100,109.312,36,32.508,0.0
486,2017-03-02 07:08:00,4.0,2,8,BACKSTROKE,100,123.312,46,0.0,0.0
487,2017-03-02 07:08:00,4.0,3,9,BREASTSTROKE,100,128.292,61,0.0,0.0
488,2017-03-02 07:08:00,4.0,4,10,FREESTYLE,100,111.686,40,0.0,106.875
489,2017-03-02 07:08:00,5.0,1,11,DRILL,50,117.312,0,115.188,6.125
490,2017-03-02 07:08:00,6.0,1,12,DRILL,50,131.906,0,6.125,7.406
491,2017-03-02 07:08:00,7.0,1,13,FREESTYLE,50,51.875,18,7.406,0.0
492,2017-03-02 07:08:00,7.0,2,14,BREASTSTROKE,50,58.437,31,0.0,0.0
493,2017-03-02 07:08:00,7.0,3,15,FREESTYLE,50,62.75,20,0.0,0.0
494,2017-03-02 07:08:00,7.0,4,16,BREASTSTROKE,50,76.437,30,0.0,1000.0
495,2017-03-04 13:16:00,1.0,1,1,BREASTSTROKE,60,76.749,31,1000.0,0.0
496,2017-03-04 13:16:00,1.0,2,2,FREESTYLE,100,121.686,41,0.0,0.0
497,2017-03-04 13:16:00,1.0,3,3,BREASTSTROKE,20,18.812,9,0.0,0.0
498,2017-03-04 13:16:00,1.0,4,4,FREESTYLE,20,21.812,7,0.0,39.945
499,2017-03-04 13:16:00,2.0,1,5,DRILL,100,230.85,0,39.945,57.586
500,2017-03-04 13:16:00,3.0,1,6,FREESTYLE,100,106.493,38,57.586,0.0
501,2017-03-04 13:16:00,3.0,2,7,BREASTSTROKE,100,115.869,55,0.0,0.0
502,2017-03-04 13:16:00,3.0,3,8,BACKSTROKE,100,136.749,50,0.0,0.0
503,2017-03-04 13:16:00,3.0,4,9,FREESTYLE,100,113.119,42,0.0,101.398
504,2017-03-04 13:16:00,4.0,1,10,DRILL,100,208.96,0,101.398,18.977
505,2017-03-04 13:16:00,5.0,1,11,BREASTSTROKE,40,63.749,27,18.977,0.0
506,2017-03-04 13:16:00,5.0,2,12,FREESTYLE,40,40.375,12,0.0,0.0
507,2017-03-04 13:16:00,5.0,3,13,BREASTSTROKE,80,104.311,43,0.0,0.0
508,2017-03-04 13:16:00,5.0,4,14,FREESTYLE,20,28.875,9,0.0,0.0
509,2017-03-04 13:16:00,5.0,5,15,BREASTSTROKE,20,31.562,11,0.0,1000.0
510,2017-03-06 07:08:00,1.0,1,1,FREESTYLE,50,61.124,20,1000.0,0.0
511,2017-03-06 07:08:00,1.0,2,2,BREASTSTROKE,50,66.374,28,0.0,0.0
512,2017-03-06 07:08:00,1.0,3,3,FREESTYLE,50,61.562,20,0.0,0.0
513,2017-03-06 07:08:00,1.0,4,4,BREASTSTROKE,50,64.312,30,0.0,44.23
514,2017-03-06 07:08:00,2.0,1,5,DRILL,100,225.896,0,44.23,39.977
515,2017-03-06 07:08:00,3.0,1,6,FREESTYLE,100,119.373,40,39.977,0.0
516,2017-03-06 07:08:00,3.0,2,7,BREASTSTROKE,100,115.312,54,0.0,0.0
517,2017-03-06 07:08:00,3.0,3,8,BACKSTROKE,100,129.437,53,0.0,0.0
518,2017-03-06 07:08:00,3.0,4,9,FREESTYLE,100,115.812,42,0.0,56.148
519,2017-03-06 07:08:00,4.0,1,10,DRILL,100,268.82,0,56.148,14.43
520,2017-03-06 07:08:00,5.0,1,11,FREESTYLE,50,64.687,23,14.43,0.0
521,2017-03-06 07:08:00,5.0,2,12,BREASTSTROKE,50,61.936,26,0.0,0.0
522,2017-03-06 07:08:00,5.0,3,13,FREESTYLE,50,62.437,22,0.0,0.0
523,2017-03-06 07:08:00,5.0,4,14,BREASTSTROKE,50,69.125,31,0.0,1000.0
524,2017-03-08 07:06:00,1.0,1,1,BREASTSTROKE,50,71.5,29,1000.0,0.0
525,2017-03-08 07:06:00,1.0,2,2,FREESTYLE,50,60.057,20,0.0,0.0
526,2017-03-08 07:06:00,1.0,3,3,BREASTSTROKE,50,69.937,30,0.0,0.0
527,2017-03-08 07:06:00,1.0,4,4,FREESTYLE,50,53.812,18,0.0,36.16
528,2017-03-08 07:06:00,2.0,1,5,DRILL,100,241.828,0,36.16,39.984
529,2017-03-08 07:06:00,3.0,1,6,FREESTYLE,100,115.5,40,39.984,0.0
530,2017-03-08 07:06:00,3.0,2,7,BREASTSTROKE,100,123.061,60,0.0,0.0
531,2017-03-08 07:06:00,3.0,3,8,BACKSTROKE,100,129.248,54,0.0,0.0
532,2017-03-08 07:06:00,3.0,4,9,FREESTYLE,100,118.182,43,0.0,64.813
533,2017-03-08 07:06:00,4.0,1,10,DRILL,100,235.852,0,64.813,15.86
534,2017-03-08 07:06:00,5.0,1,11,BREASTSTROKE,50,66.806,28,15.86,0.0
535,2017-03-08 07:06:00,5.0,2,12,FREESTYLE,100,126.249,47,0.0,0.0
536,2017-03-08 07:06:00,5.0,3,13,BREASTSTROKE,50,65.937,28,0.0,1000.0
537,2017-03-10 20:03:00,1.0,1,1,BREASTSTROKE,50,76.437,29,1000.0,0.0
538,2017-03-10 20:03:00,1.0,2,2,FREESTYLE,50,58.687,18,0.0,0.0
539,2017-03-10 20:03:00,1.0,3,3,BREASTSTROKE,50,71.187,27,0.0,0.0
540,2017-03-10 20:03:00,1.0,4,4,FREESTYLE,50,52.187,17,0.0,32.32
541,2017-03-10 20:03:00,2.0,1,5,DRILL,100,252.656,0,32.32,35.344
542,2017-03-10 20:03:00,3.0,1,6,FREESTYLE,125,142.06,51,35.344,0.0
543,2017-03-10 20:03:00,3.0,2,7,BREASTSTROKE,75,85.99,41,0.0,0.0
544,2017-03-10 20:03:00,3.0,3,8,BACKSTROKE,100,136.437,54,0.0,0.0
545,2017-03-10 20:03:00,3.0,4,9,FREESTYLE,100,109.436,41,0.0,61.47
546,2017-03-10 20:03:00,4.0,1,10,DRILL,100,226.216,0,61.47,18.94
547,2017-03-10 20:03:00,5.0,1,11,FREESTYLE,50,57.187,19,18.94,0.0
548,2017-03-10 20:03:00,5.0,2,12,BREASTSTROKE,50,66.375,30,0.0,0.0
549,2017-03-10 20:03:00,5.0,3,13,FREESTYLE,50,60.62,23,0.0,0.0
550,2017-03-10 20:03:00,5.0,4,14,BREASTSTROKE,50,73.932,30,0.0,1000.0
551,2017-03-15 07:08:00,1.0,1,1,BREASTSTROKE,50,60.437,23,1000.0,0.0
552,2017-03-15 07:08:00,1.0,2,2,FREESTYLE,50,53.187,17,0.0,0.0
553,2017-03-15 07:08:00,1.0,3,3,BREASTSTROKE,50,60.562,29,0.0,0.0
554,2017-03-15 07:08:00,1.0,4,4,FREESTYLE,50,57.374,19,0.0,21.141
555,2017-03-15 07:08:00,2.0,1,5,DRILL,100,222.336,0,21.141,41.977
556,2017-03-15 07:08:00,3.0,1,6,FREESTYLE,125,111.749,40,41.977,0.0
557,2017-03-15 07:08:00,3.0,2,7,BREASTSTROKE,100,120.248,56,0.0,0.0
558,2017-03-15 07:08:00,3.0,3,8,BACKSTROKE,100,133.499,50,0.0,0.0
559,2017-03-15 07:08:00,3.0,4,9,FREESTYLE,100,113.062,40,0.0,68.906
560,2017-03-15 07:08:00,4.0,1,10,DRILL,100,214.188,0,68.906,26.438
561,2017-03-15 07:08:00,5.0,1,11,FREESTYLE,50,61.749,22,26.438,0.0
562,2017-03-15 07:08:00,5.0,2,12,BREASTSTROKE,50,76.812,33,0.0,0.0
563,2017-03-15 07:08:00,5.0,3,13,FREESTYLE,50,61.624,21,0.0,0.0
564,2017-03-15 07:08:00,5.0,4,14,BREASTSTROKE,50,67.124,24,0.0,1000.0
565,2017-03-17 07:06:00,1.0,1,1,BREASTSTROKE,50,76.812,28,1000.0,0.0
566,2017-03-17 07:06:00,1.0,2,2,FREESTYLE,50,55.562,18,0.0,0.0
567,2017-03-17 07:06:00,1.0,3,3,BREASTSTROKE,50,67.125,30,0.0,0.0
568,2017-03-17 07:06:00,1.0,4,4,FREESTYLE,50,51.687,18,0.0,15.484
569,2017-03-17 07:06:00,2.0,1,5,DRILL,100,237.156,0,15.484,16.781
570,2017-03-17 07:06:00,3.0,1,6,FREESTYLE,50,52.125,20,16.781,0.0
571,2017-03-17 07:06:00,3.0,2,7,BREASTSTROKE,25,30.375,11,0.0,0.0
572,2017-03-17 07:06:00,3.0,3,8,FREESTYLE,50,47.562,19,0.0,0.0
573,2017-03-17 07:06:00,3.0,4,9,BREASTSTROKE,75,84.936,39,0.0,0.0
574,2017-03-17 07:06:00,3.0,5,10,FREESTYLE,25,35.437,13,0.0,0.0
575,2017-03-17 07:06:00,3.0,6,11,BACKSTROKE,100,127.812,46,0.0,0.0
576,2017-03-17 07:06:00,3.0,7,12,BREASTSTROKE,25,20.187,7,0.0,0.0
577,2017-03-17 07:06:00,3.0,8,13,FREESTYLE,50,57.61,22,0.0,24.75
578,2017-03-17 07:06:00,4.0,1,14,DRILL,100,227.028,0,24.75,12.156
579,2017-03-17 07:06:00,5.0,1,15,BREASTSTROKE,50,66.873,30,12.156,0.0
580,2017-03-17 07:06:00,5.0,2,16,FREESTYLE,100,125.562,42,0.0,0.0
581,2017-03-17 07:06:00,5.0,3,17,BREASTSTROKE,50,67.25,30,0.0,1000.0
582,2017-03-20 07:06:00,1.0,1,1,BREASTSTROKE,50,69.937,28,1000.0,0.0
583,2017-03-20 07:06:00,1.0,2,2,FREESTYLE,50,56.687,20,0.0,0.0
584,2017-03-20 07:06:00,1.0,3,3,BREASTSTROKE,50,65.0,28,0.0,0.0
585,2017-03-20 07:06:00,1.0,4,4,FREESTYLE,50,61.124,19,0.0,17.813
586,2017-03-20 07:06:00,2.0,1,5,DRILL,100,209.148,0,17.813,14.164
587,2017-03-20 07:06:00,3.0,1,6,FREESTYLE,100,110.687,39,14.164,0.0
588,2017-03-20 07:06:00,3.0,2,7,BREASTSTROKE,100,118.057,58,0.0,0.0
589,2017-03-20 07:06:00,3.0,3,8,FREESTYLE,25,31.875,14,0.0,0.0
590,2017-03-20 07:06:00,3.0,4,9,BACKSTROKE,75,99.937,39,0.0,0.0
591,2017-03-20 07:06:00,3.0,5,10,FREESTYLE,100,114.249,42,0.0,35.344
592,2017-03-20 07:06:00,4.0,1,11,DRILL,100,205.64,0,46.364,28.86
593,2017-03-20 07:06:00,5.0,1,12,FREESTYLE,50,54.749,19,28.86,0.0
594,2017-03-20 07:06:00,5.0,2,13,BREASTSTROKE,50,63.749,31,0.0,0.0
595,2017-03-20 07:06:00,5.0,3,14,FREESTYLE,50,73.562,24,0.0,0.0
596,2017-03-20 07:06:00,5.0,4,15,BREASTSTROKE,50,73.25,29,0.0,1000.0
597,2017-03-22 07:07:00,1.0,1,1,BREASTSTROKE,50,72.995,31,1000.0,0.0
598,2017-03-22 07:07:00,1.0,2,2,FREESTYLE,50,65.25,22,0.0,0.0
599,2017-03-22 07:07:00,1.0,3,3,BREASTSTROKE,50,58.807,28,0.0,0.0
600,2017-03-22 07:07:00,1.0,4,4,FREESTYLE,100,118.185,41,0.0,1.813
601,2017-03-22 07:07:00,2.0,1,5,FREESTYLE,400,487.373,156,1.813,37.414
602,2017-03-22 07:07:00,3.0,1,6,BREASTSTROKE,200,254.309,115,37.414,15.219
603,2017-03-22 07:07:00,4.0,1,7,DRILL,50,119.02,0,15.219,20.273
604,2017-03-22 07:07:00,5.0,1,8,BREASTSTROKE,100,148.182,58,20.273,1000.0
605,2017-03-24 07:06:00,1.0,1,1,BREASTSTROKE,50,77.12,29,1000.0,0.0
606,2017-03-24 07:06:00,1.0,2,2,FREESTYLE,50,51.999,15,0.0,0.0
607,2017-03-24 07:06:00,1.0,3,3,BREASTSTROKE,50,59.937,27,0.0,0.0
608,2017-03-24 07:06:00,1.0,4,4,FREESTYLE,50,59.562,18,0.0,30.156
609,2017-03-24 07:06:00,2.0,1,5,DRILL,100,239.172,0,30.156,14.766
610,2017-03-24 07:06:00,3.0,1,6,FREESTYLE,100,120.624,42,14.766,0.0
611,2017-03-24 07:06:00,3.0,2,7,BREASTSTROKE,100,109.749,52,0.0,0.0
612,2017-03-24 07:06:00,3.0,3,8,BACKSTROKE,100,145.499,55,0.0,0.0
613,2017-03-24 07:06:00,3.0,4,9,FREESTYLE,100,121.186,45,0.0,37.43
614,2017-03-24 07:06:00,4.0,1,10,DRILL,100,193.0,0,37.43,9.461
615,2017-03-24 07:06:00,5.0,1,11,FREESTYLE,100,117.807,40,9.461,0.0
616,2017-03-24 07:06:00,5.0,2,12,BREASTSTROKE,100,146.062,60,0.0,1000.0
617,2017-03-28 20:23:00,1.0,1,1,BREASTSTROKE,50,78.999,35,1000.0,0.0
618,2017-03-28 20:23:00,1.0,2,2,FREESTYLE,50,66.749,23,0.0,0.0
619,2017-03-28 20:23:00,1.0,3,3,BREASTSTROKE,50,41.182,18,0.0,0.0
620,2017-03-28 20:23:00,1.0,4,4,FREESTYLE,50,78.937,30,0.0,25.742
621,2017-03-28 20:23:00,2.0,1,5,DRILL,100,208.912,0,25.742,4.211
622,2017-03-28 20:23:00,3.0,1,6,FREESTYLE,100,114.182,38,34.524,0.0
623,2017-03-28 20:23:00,3.0,2,7,BREASTSTROKE,100,112.249,50,0.0,0.0
624,2017-03-28 20:23:00,3.0,3,8,BACKSTROKE,100,122.057,49,0.0,0.0
625,2017-03-28 20:23:00,3.0,4,9,FREESTYLE,100,105.365,39,0.0,78.32
626,2017-03-28 20:23:00,4.0,1,10,DRILL,100,230.92,0,78.32,20.641
627,2017-03-28 20:23:00,5.0,1,11,FREESTYLE,50,61.875,20,20.641,0.0
628,2017-03-28 20:23:00,5.0,2,12,BREASTSTROKE,50,62.932,30,0.0,0.0
629,2017-03-28 20:23:00,5.0,3,13,FREESTYLE,50,66.562,23,0.0,0.0
630,2017-03-28 20:23:00,5.0,4,14,BREASTSTROKE,50,70.812,30,0.0,1000.0
631,2017-03-31 20:24:00,1.0,1,1,BREASTSTROKE,25,39.812,13,1000.0,0.0
632,2017-03-31 20:24:00,1.0,2,2,FREESTYLE,50,38.875,11,0.0,0.0
633,2017-03-31 20:24:00,1.0,3,3,BREASTSTROKE,25,22.312,10,0.0,0.0
634,2017-03-31 20:24:00,1.0,4,4,FREESTYLE,25,29.937,9,0.0,0.0
635,2017-03-31 20:24:00,1.0,5,5,BREASTSTROKE,50,68.562,30,0.0,0.0
636,2017-03-31 20:24:00,1.0,6,6,FREESTYLE,50,52.249,18,0.0,33.922
637,2017-03-31 20:24:00,2.0,1,7,DRILL,100,226.688,0,33.922,40.375
638,2017-03-31 20:24:00,3.0,1,8,FREESTYLE,100,112.561,39,40.375,0.0
639,2017-03-31 20:24:00,3.0,2,9,BREASTSTROKE,125,116.623,57,0.0,0.0
640,2017-03-31 20:24:00,3.0,3,10,BACKSTROKE,100,128.68,54,0.0,0.0
641,2017-03-31 20:24:00,3.0,4,11,FREESTYLE,100,105.748,40,0.0,125.406
642,2017-03-31 20:24:00,4.0,1,12,DRILL,100,214.052,0,125.406,12.508
643,2017-03-31 20:24:00,5.0,1,13,FREESTYLE,100,133.749,42,12.508,0.0
644,2017-03-31 20:24:00,5.0,2,14,BREASTSTROKE,100,139.436,56,0.0,1000.0
645,2017-04-06 20:16:00,1.0,1,1,BREASTSTROKE,50,69.36,28,1000.0,0.0
646,2017-04-06 20:16:00,1.0,2,2,FREESTYLE,50,69.75,23,0.0,0.0
647,2017-04-06 20:16:00,1.0,3,3,BREASTSTROKE,50,52.687,21,0.0,0.0
648,2017-04-06 20:16:00,1.0,4,4,FREESTYLE,50,55.25,17,0.0,9.08
649,2017-04-06 20:16:00,2.0,1,5,DRILL,100,201.38,0,9.08,9.68
650,2017-04-06 20:16:00,3.0,1,6,FREESTYLE,500,556.802,190,9.68,56.422
651,2017-04-06 20:16:00,4.0,1,7,DRILL,100,199.508,0,56.422,25.555
652,2017-04-06 20:16:00,5.0,1,8,FREESTYLE,50,63.75,20,25.555,0.0
653,2017-04-06 20:16:00,5.0,2,9,BREASTSTROKE,50,56.749,24,0.0,0.0
654,2017-04-06 20:16:00,5.0,3,10,FREESTYLE,50,64.437,20,0.0,0.0
655,2017-04-06 20:16:00,5.0,4,11,BREASTSTROKE,50,76.562,29,0.0,1000.0
656,2017-04-08 19:33:00,1.0,1,1,BREASTSTROKE,50,70.057,25,1000.0,0.0
657,2017-04-08 19:33:00,1.0,2,2,FREESTYLE,50,61.812,18,0.0,0.0
658,2017-04-08 19:33:00,1.0,3,3,BREASTSTROKE,50,62.062,26,0.0,0.0
659,2017-04-08 19:33:00,1.0,4,4,FREESTYLE,50,58.187,20,0.0,19.859
660,2017-04-08 19:33:00,2.0,1,5,DRILL,100,183.92,0,19.859,14.78
661,2017-04-08 19:33:00,3.0,1,6,FREESTYLE,100,105.249,37,14.78,0.0
662,2017-04-08 19:33:00,3.0,2,7,BREASTSTROKE,100,118.499,52,0.0,0.0
663,2017-04-08 19:33:00,3.0,3,8,BACKSTROKE,100,138.749,55,0.0,0.0
664,2017-04-08 19:33:00,3.0,4,9,FREESTYLE,100,98.624,34,0.0,77.08
665,2017-04-08 19:33:00,4.0,1,10,DRILL,100,201.96,0,77.08,46.789
666,2017-04-08 19:33:00,5.0,1,11,FREESTYLE,500,580.868,200,46.789,65.883
667,2017-04-08 19:33:00,6.0,1,12,BREASTSTROKE,200,268.122,109,65.883,1000.0
668,2017-04-10 19:25:00,1.0,1,1,BREASTSTROKE,50,79.312,28,1000.0,0.0
669,2017-04-10 19:25:00,1.0,2,2,FREESTYLE,50,58.937,18,0.0,0.0
670,2017-04-10 19:25:00,1.0,3,3,BREASTSTROKE,50,64.0,28,0.0,0.0
671,2017-04-10 19:25:00,1.0,4,4,FREESTYLE,50,49.437,16,0.0,73.852
672,2017-04-10 19:25:00,2.0,1,5,DRILL,100,195.5,0,73.852,34.938
673,2017-04-10 19:25:00,3.0,1,6,FREESTYLE,100,108.625,38,34.938,0.0
674,2017-04-10 19:25:00,3.0,2,7,BREASTSTROKE,100,110.937,53,0.0,0.0
675,2017-04-10 19:25:00,3.0,3,8,BACKSTROKE,100,134.869,55,0.0,0.0
676,2017-04-10 19:25:00,3.0,4,9,FREESTYLE,100,107.874,40,0.0,77.711
677,2017-04-10 19:25:00,4.0,1,10,DRILL,100,189.5,0,77.711,13.438
678,2017-04-10 19:25:00,5.0,1,11,FREESTYLE,250,296.238,96,67.313,33.898
679,2017-04-10 19:25:00,6.0,1,12,BREASTSTROKE,150,217.811,89,33.898,1000.0
680,2017-04-13 19:21:00,1.0,1,1,BREASTSTROKE,50,74.0,25,1000.0,0.0
681,2017-04-13 19:21:00,1.0,2,2,FREESTYLE,50,90.25,34,0.0,0.0
682,2017-04-13 19:21:00,1.0,3,3,BREASTSTROKE,25,31.25,12,0.0,0.0
683,2017-04-13 19:21:00,1.0,4,4,FREESTYLE,50,56.187,17,0.0,42.531
684,2017-04-13 19:21:00,2.0,1,5,DRILL,100,188.624,0,42.531,53.625
685,2017-04-13 19:21:00,3.0,1,6,FREESTYLE,100,111.562,37,53.625,0.0
686,2017-04-13 19:21:00,3.0,2,7,BREASTSTROKE,100,109.436,54,0.0,0.0
687,2017-04-13 19:21:00,3.0,3,8,BACKSTROKE,100,126.744,52,0.0,0.0
688,2017-04-13 19:21:00,3.0,4,9,FREESTYLE,100,105.499,39,0.0,75.352
689,2017-04-13 19:21:00,4.0,1,10,DRILL,100,184.788,0,75.352,61.711
690,2017-04-13 19:21:00,5.0,1,11,FREESTYLE,500,598.178,212,61.711,58.195
691,2017-04-13 19:21:00,6.0,1,12,DRILL,100,191.952,0,58.195,32.171
692,2017-04-13 19:21:00,7.0,1,13,BREASTSTROKE,100,142.249,56,32.171,1000.0
693,2017-04-19 20:13:00,1.0,1,1,BREASTSTROKE,50,68.999,29,1000.0,0.0
694,2017-04-19 20:13:00,1.0,2,2,FREESTYLE,50,61.374,19,0.0,0.0
695,2017-04-19 20:13:00,1.0,3,3,BREASTSTROKE,50,65.124,28,0.0,0.0
696,2017-04-19 20:13:00,1.0,4,4,FREESTYLE,50,56.999,20,0.0,34.477
697,2017-04-19 20:13:00,2.0,1,5,DRILL,100,191.468,0,34.477,83.531
698,2017-04-19 20:13:00,3.0,1,6,FREESTYLE,100,114.744,36,83.531,0.0
699,2017-04-19 20:13:00,3.0,2,7,BREASTSTROKE,100,122.187,53,0.0,0.0
700,2017-04-19 20:13:00,3.0,3,8,BACKSTROKE,100,125.998,48,0.0,0.0
701,2017-04-19 20:13:00,3.0,4,9,FREESTYLE,100,106.999,38,0.0,126.719
702,2017-04-19 20:13:00,4.0,1,10,DRILL,100,190.42,0,126.719,115.703
703,2017-04-19 20:13:00,5.0,1,11,FREESTYLE,500,621.804,216,115.703,65.507
704,2017-04-19 20:13:00,6.0,1,12,BREASTSTROKE,125,186.936,84,65.507,0.0
705,2017-04-19 20:13:00,6.0,2,13,FREESTYLE,75,107.25,33,0.0,1000.0
706,2017-04-26 19:56:00,1.0,1,1,BREASTSTROKE,50,71.749,28,1000.0,0.0
707,2017-04-26 19:56:00,1.0,2,2,FREESTYLE,50,67.125,21,0.0,0.0
708,2017-04-26 19:56:00,1.0,3,3,BREASTSTROKE,50,64.625,30,0.0,0.0
709,2017-04-26 19:56:00,1.0,4,4,FREESTYLE,50,52.625,17,0.0,90.55
710,2017-04-26 19:56:00,2.0,1,5,DRILL,100,182.256,0,90.55,65.992
711,2017-04-26 19:56:00,3.0,1,6,FREESTYLE,100,114.686,37,65.992,0.0
712,2017-04-26 19:56:00,3.0,2,7,BREASTSTROKE,100,120.437,53,0.0,0.0
713,2017-04-26 19:56:00,3.0,3,8,BACKSTROKE,100,140.245,55,0.0,0.0
714,2017-04-26 19:56:00,3.0,4,9,FREESTYLE,100,99.937,37,0.0,85.719
715,2017-04-26 19:56:00,4.0,1,10,DRILL,100,184.708,0,85.719,43.227
716,2017-04-26 19:56:00,5.0,1,11,FREESTYLE,400,469.044,160,43.227,41.16
717,2017-04-26 19:56:00,6.0,1,12,BREASTSTROKE,200,276.368,118,41.16,1000.0
718,2017-04-29 13:55:00,1.0,1,1,BREASTSTROKE,50,72.0,27,1000.0,0.0
719,2017-04-29 13:55:00,1.0,2,2,FREESTYLE,50,66.437,19,0.0,0.0
720,2017-04-29 13:55:00,1.0,3,3,BREASTSTROKE,50,72.312,29,0.0,0.0
721,2017-04-29 13:55:00,1.0,4,4,FREESTYLE,50,53.625,17,0.0,37.86
722,2017-04-29 13:55:00,2.0,1,5,DRILL,100,188.984,0,37.86,66.766
723,2017-04-29 13:55:00,3.0,1,6,FREESTYLE,100,107.561,36,66.766,0.0
724,2017-04-29 13:55:00,3.0,2,7,BREASTSTROKE,75,95.75,43,0.0,0.0
725,2017-04-29 13:55:00,3.0,3,8,FREESTYLE,25,24.562,12,0.0,0.0
726,2017-04-29 13:55:00,3.0,4,9,BACKSTROKE,100,128.312,52,0.0,0.0
727,2017-04-29 13:55:00,3.0,5,10,FREESTYLE,100,100.999,39,0.0,80.703
728,2017-04-29 13:55:00,4.0,1,11,DRILL,100,206.648,0,80.703,96.102
729,2017-04-29 13:55:00,5.0,1,12,FREESTYLE,250,309.733,105,96.102,12.7
730,2017-04-29 13:55:00,6.0,1,13,BREASTSTROKE,100,147.062,62,12.7,1000.0
731,2017-05-02 19:55:00,1.0,1,1,BREASTSTROKE,50,70.375,30,1000.0,0.0
732,2017-05-02 19:55:00,1.0,2,2,FREESTYLE,50,72.12,22,0.0,0.0
733,2017-05-02 19:55:00,1.0,3,3,BREASTSTROKE,50,65.557,30,0.0,0.0
734,2017-05-02 19:55:00,1.0,4,4,FREESTYLE,50,62.125,20,0.0,45.102
735,2017-05-02 19:55:00,2.0,1,5,DRILL,100,209.148,0,45.102,38.477
736,2017-05-02 19:55:00,3.0,1,6,FREESTYLE,200,227.56,81,38.477,38.375
737,2017-05-02 19:55:00,4.0,1,7,DRILL,100,215.508,0,38.375,21.305
738,2017-05-02 19:55:00,5.0,1,8,FREESTYLE,200,232.806,81,21.305,36.742
739,2017-05-02 19:55:00,6.0,1,9,DRILL,100,214.092,0,36.742,18.31
740,2017-05-02 19:55:00,7.0,1,10,FREESTYLE,200,227.623,78,18.31,46.813
741,2017-05-02 19:55:00,8.0,1,11,DRILL,100,237.92,0,46.813,15.953
742,2017-05-02 19:55:00,9.0,1,12,BREASTSTROKE,100,130.056,51,15.953,3.672
743,2017-05-02 19:55:00,10.0,1,13,BREASTSTROKE,50,161.312,56,3.672,1000.0
744,2017-05-05 20:15:00,1.0,1,1,BREASTSTROKE,50,67.312,27,1000.0,0.0
745,2017-05-05 20:15:00,1.0,2,2,FREESTYLE,50,67.312,22,0.0,0.0
746,2017-05-05 20:15:00,1.0,3,3,BREASTSTROKE,50,58.249,25,0.0,0.0
747,2017-05-05 20:15:00,1.0,4,4,FREESTYLE,50,60.187,20,0.0,14.742
748,2017-05-05 20:15:00,2.0,1,5,DRILL,100,206.896,0,14.742,45.727
749,2017-05-05 20:15:00,3.0,1,6,FREESTYLE,100,108.749,37,45.727,0.0
750,2017-05-05 20:15:00,3.0,2,7,BREASTSTROKE,100,112.999,48,0.0,0.0
751,2017-05-05 20:15:00,3.0,3,8,BACKSTROKE,100,131.499,52,0.0,0.0
752,2017-05-05 20:15:00,3.0,4,9,FREESTYLE,100,106.936,36,0.0,64.203
753,2017-05-05 20:15:00,4.0,1,10,DRILL,100,205.364,0,64.203,45.883
754,2017-05-05 20:15:00,5.0,1,11,FREESTYLE,100,97.062,40,45.883,29.844
755,2017-05-05 20:15:00,6.0,1,12,BREASTSTROKE,100,142.311,60,29.844,1000.0
756,2017-05-08 20:22:00,1.0,1,1,BREASTSTROKE,50,68.686,27,1000.0,0.0
757,2017-05-08 20:22:00,1.0,2,2,FREESTYLE,50,76.12,25,0.0,0.0
758,2017-05-08 20:22:00,1.0,3,3,BREASTSTROKE,50,53.25,25,0.0,0.0
759,2017-05-08 20:22:00,1.0,4,4,FREESTYLE,50,53.749,19,0.0,26.188
760,2017-05-08 20:22:00,2.0,1,5,DRILL,100,203.7,0,26.188,40.734
761,2017-05-08 20:22:00,3.0,1,6,FREESTYLE,200,213.248,80,40.734,26.148
762,2017-05-08 20:22:00,4.0,1,7,DRILL,100,192.7,0,26.148,25.297
763,2017-05-08 20:22:00,5.0,1,8,FREESTYLE,200,216.122,80,25.297,77.328
764,2017-05-08 20:22:00,6.0,1,9,DRILL,100,211.028,0,77.328,45.344
765,2017-05-08 20:22:00,7.0,1,10,FREESTYLE,100,101.25,41,45.344,68.945
766,2017-05-08 20:22:00,8.0,1,11,BREASTSTROKE,100,140.494,61,68.945,1000.0
767,2017-05-13 13:49:00,1.0,1,1,BREASTSTROKE,50,75.374,30,1000.0,0.0
768,2017-05-13 13:49:00,1.0,2,2,FREESTYLE,50,62.998,21,0.0,0.0
769,2017-05-13 13:49:00,1.0,3,3,BREASTSTROKE,50,73.998,29,0.0,0.0
770,2017-05-13 13:49:00,1.0,4,4,FREESTYLE,50,56.624,18,0.0,11.39
771,2017-05-13 13:49:00,2.0,1,5,DRILL,100,222.036,0,11.39,44.711
772,2017-05-13 13:49:00,3.0,1,6,FREESTYLE,400,448.231,169,44.711,84.219
773,2017-05-13 13:49:00,4.0,1,7,DRILL,100,209.516,0,84.219,5.609
774,2017-05-13 13:49:00,5.0,1,8,BREASTSTROKE,200,268.681,120,81.609,1000.0
775,2017-05-16 20:22:00,1.0,1,1,BREASTSTROKE,50,70.437,28,1000.0,0.0
776,2017-05-16 20:22:00,1.0,2,2,FREESTYLE,50,62.873,20,0.0,0.0
777,2017-05-16 20:22:00,1.0,3,3,BREASTSTROKE,50,66.807,28,0.0,0.0
778,2017-05-16 20:22:00,1.0,4,4,FREESTYLE,50,57.874,19,0.0,24.375
779,2017-05-16 20:22:00,2.0,1,5,DRILL,100,198.64,0,24.375,64.797
780,2017-05-16 20:22:00,3.0,1,6,FREESTYLE,100,115.931,41,64.797,0.0
781,2017-05-16 20:22:00,3.0,2,7,BREASTSTROKE,100,114.999,52,0.0,0.0
782,2017-05-16 20:22:00,3.0,3,8,BACKSTROKE,100,134.999,50,0.0,0.0
783,2017-05-16 20:22:00,3.0,4,9,FREESTYLE,100,103.374,37,0.0,100.508
784,2017-05-16 20:22:00,4.0,1,10,DRILL,100,210.944,0,100.508,33.43
785,2017-05-16 20:22:00,5.0,1,11,FREESTYLE,100,99.811,38,33.43,44.594
786,2017-05-16 20:22:00,6.0,1,12,BREASTSTROKE,100,127.436,63,44.594,1000.0
787,2017-07-09 12:53:00,1.0,1,1,BREASTSTROKE,50,73.0,29,1000.0,0.0
788,2017-07-09 12:53:00,1.0,2,2,FREESTYLE,50,65.807,21,0.0,0.0
789,2017-07-09 12:53:00,1.0,3,3,BREASTSTROKE,50,79.874,31,0.0,0.0
790,2017-07-09 12:53:00,1.0,4,4,FREESTYLE,50,57.432,18,0.0,13.289
791,2017-07-09 12:53:00,2.0,1,5,DRILL,100,185.492,0,13.289,73.258
792,2017-07-09 12:53:00,3.0,1,6,FREESTYLE,100,130.437,40,73.258,0.0
793,2017-07-09 12:53:00,3.0,2,7,BREASTSTROKE,100,139.182,59,0.0,0.0
794,2017-07-09 12:53:00,3.0,3,8,FREESTYLE,100,139.936,46,0.0,0.0
795,2017-07-09 12:53:00,3.0,4,9,BREASTSTROKE,200,221.368,91,0.0,25.477
796,2017-07-09 12:53:00,4.0,1,10,DRILL,100,194.616,0,25.477,31.258
797,2017-07-09 12:53:00,5.0,1,11,BREASTSTROKE,100,151.124,60,31.258,1000.0
798,2017-07-13 20:17:00,1.0,1,1,BREASTSTROKE,50,70.932,30,1000.0,0.0
799,2017-07-13 20:17:00,1.0,2,2,FREESTYLE,25,37.312,12,0.0,0.0
800,2017-07-13 20:17:00,1.0,3,3,BREASTSTROKE,50,95.0,37,0.0,0.0
801,2017-07-13 20:17:00,1.0,4,4,FREESTYLE,50,66.437,21,0.0,30.469
802,2017-07-13 20:17:00,2.0,1,5,DRILL,100,202.116,0,30.469,74.7
803,2017-07-13 20:17:00,3.0,1,6,FREESTYLE,100,117.057,38,74.7,0.0
804,2017-07-13 20:17:00,3.0,2,7,BREASTSTROKE,100,141.749,63,0.0,0.0
805,2017-07-13 20:17:00,3.0,3,8,FREESTYLE,100,114.437,38,0.0,0.0
806,2017-07-13 20:17:00,3.0,4,9,BREASTSTROKE,100,144.374,64,0.0,45.234
807,2017-07-13 20:17:00,4.0,1,10,DRILL,100,205.888,0,45.234,17.984
808,2017-07-13 20:17:00,5.0,1,11,FREESTYLE,100,116.499,39,17.984,0.0
809,2017-07-13 20:17:00,5.0,2,12,BREASTSTROKE,100,144.311,61,0.0,1000.0
810,2017-07-16 12:58:00,1.0,1,1,BREASTSTROKE,75,67.062,27,1000.0,0.0
811,2017-07-16 12:58:00,1.0,2,2,FREESTYLE,50,62.937,20,0.0,0.0
812,2017-07-16 12:58:00,1.0,3,3,BREASTSTROKE,50,67.437,28,0.0,0.0
813,2017-07-16 12:58:00,1.0,4,4,FREESTYLE,50,62.937,21,0.0,32.711
814,2017-07-16 12:58:00,2.0,1,5,DRILL,100,178.364,0,32.711,43.883
815,2017-07-16 12:58:00,3.0,1,6,BREASTSTROKE,100,127.312,57,43.883,0.0
816,2017-07-16 12:58:00,3.0,2,7,FREESTYLE,100,125.625,41,0.0,0.0
817,2017-07-16 12:58:00,3.0,3,8,BREASTSTROKE,125,141.187,58,0.0,0.0
818,2017-07-16 12:58:00,3.0,4,9,FREESTYLE,100,118.864,40,0.0,0.0
819,2017-07-16 12:58:00,3.0,5,10,BREASTSTROKE,100,146.749,64,0.0,27.727
820,2017-07-16 12:58:00,4.0,1,11,DRILL,100,191.412,0,27.727,51.148
821,2017-07-16 12:58:00,5.0,1,12,BREASTSTROKE,100,153.249,63,51.148,1000.0
822,2017-07-18 20:14:00,1.0,1,1,BREASTSTROKE,50,69.187,29,1000.0,0.0
823,2017-07-18 20:14:00,1.0,2,2,FREESTYLE,50,62.187,18,0.0,0.0
824,2017-07-18 20:14:00,1.0,3,3,BREASTSTROKE,50,66.62,27,0.0,0.0
825,2017-07-18 20:14:00,1.0,4,4,FREESTYLE,50,60.557,19,0.0,23.281
826,2017-07-18 20:14:00,2.0,1,5,DRILL,100,193.192,0,23.281,22.305
827,2017-07-18 20:14:00,3.0,1,6,BREASTSTROKE,100,133.748,57,22.305,0.0
828,2017-07-18 20:14:00,3.0,2,7,FREESTYLE,100,116.436,35,0.0,0.0
829,2017-07-18 20:14:00,3.0,3,8,BREASTSTROKE,100,132.874,59,0.0,0.0
830,2017-07-18 20:14:00,3.0,4,9,FREESTYLE,100,118.936,36,0.0,0.0
831,2017-07-18 20:14:00,3.0,5,10,BREASTSTROKE,100,130.496,58,0.0,30.867
832,2017-07-18 20:14:00,4.0,1,11,DRILL,100,199.852,0,30.867,36.898
833,2017-07-18 20:14:00,5.0,1,12,FREESTYLE,100,113.062,39,36.898,0.0
834,2017-07-18 20:14:00,5.0,2,13,BREASTSTROKE,100,143.494,63,0.0,1000.0
835,2017-07-20 20:35:00,1.0,1,1,BREASTSTROKE,50,75.932,30,1000.0,0.0
836,2017-07-20 20:35:00,1.0,2,2,FREESTYLE,50,62.0,21,0.0,0.0
837,2017-07-20 20:35:00,1.0,3,3,BREASTSTROKE,50,71.687,30,0.0,0.0
838,2017-07-20 20:35:00,1.0,4,4,FREESTYLE,50,58.625,17,0.0,21.391
839,2017-07-20 20:35:00,2.0,1,5,DRILL,100,179.852,0,21.391,89.961
840,2017-07-20 20:35:00,3.0,1,6,BREASTSTROKE,100,130.561,58,89.961,0.0
841,2017-07-20 20:35:00,3.0,2,7,FREESTYLE,100,116.062,41,0.0,0.0
842,2017-07-20 20:35:00,3.0,3,8,BREASTSTROKE,100,126.999,57,0.0,0.0
843,2017-07-20 20:35:00,3.0,4,9,FREESTYLE,100,114.374,42,0.0,0.0
844,2017-07-20 20:35:00,3.0,5,10,BREASTSTROKE,100,133.985,61,0.0,64.343
845,2017-07-20 20:35:00,4.0,1,11,DRILL,100,197.256,0,64.343,47.68
846,2017-07-20 20:35:00,5.0,1,12,FREESTYLE,100,112.312,41,47.68,11.289
847,2017-07-20 20:35:00,6.0,1,13,BREASTSTROKE,100,125.124,62,11.289,1000.0
848,2017-07-28 20:24:00,1.0,1,1,BREASTSTROKE,50,88.495,39,1000.0,0.0
849,2017-07-28 20:24:00,1.0,2,2,FREESTYLE,50,68.75,20,0.0,0.0
850,2017-07-28 20:24:00,1.0,3,3,BREASTSTROKE,50,70.374,31,0.0,0.0
851,2017-07-28 20:24:00,1.0,4,4,FREESTYLE,50,62.812,20,0.0,49.336
852,2017-07-28 20:24:00,2.0,1,5,DRILL,100,193.084,0,49.336,22.39
853,2017-07-28 20:24:00,3.0,1,6,BREASTSTROKE,100,132.249,59,22.39,0.0
854,2017-07-28 20:24:00,3.0,2,7,FREESTYLE,100,133.874,46,0.0,0.0
855,2017-07-28 20:24:00,3.0,3,8,BREASTSTROKE,100,132.187,61,0.0,0.0
856,2017-07-28 20:24:00,3.0,4,9,FREESTYLE,100,133.061,44,0.0,0.0
857,2017-07-28 20:24:00,3.0,5,10,BREASTSTROKE,100,132.998,61,0.0,0.0
858,2017-07-28 20:24:00,3.0,6,11,FREESTYLE,100,126.124,42,0.0,46.844
859,2017-07-28 20:24:00,4.0,1,12,DRILL,100,187.352,0,46.844,37.86
860,2017-07-28 20:24:00,5.0,1,13,FREESTYLE,100,99.432,39,37.86,50.93
861,2017-07-28 20:24:00,6.0,1,14,BREASTSTROKE,100,132.686,63,50.93,1000.0
862,2017-07-30 12:58:00,1.0,1,1,BREASTSTROKE,50,72.0,29,1000.0,0.0
863,2017-07-30 12:58:00,1.0,2,2,FREESTYLE,50,66.437,20,0.0,0.0
864,2017-07-30 12:58:00,1.0,3,3,BREASTSTROKE,75,69.124,27,0.0,34.484
865,2017-07-30 12:58:00,2.0,1,4,DRILL,100,186.052,0,34.484,17.08
866,2017-07-30 12:58:00,3.0,1,5,FREESTYLE,100,114.562,38,17.08,0.0
867,2017-07-30 12:58:00,3.0,2,6,BREASTSTROKE,100,123.061,60,0.0,0.0
868,2017-07-30 12:58:00,3.0,3,7,FREESTYLE,100,113.811,41,0.0,0.0
869,2017-07-30 12:58:00,3.0,4,8,BREASTSTROKE,100,125.999,61,0.0,86.477
870,2017-07-30 12:58:00,4.0,1,9,DRILL,100,171.108,0,86.477,132.328
871,2017-07-30 12:58:00,5.0,1,10,FREESTYLE,100,95.436,42,132.328,109.938
872,2017-07-30 12:58:00,6.0,1,11,DRILL,100,172.96,0,109.938,25.727
873,2017-07-30 12:58:00,7.0,1,12,BREASTSTROKE,50,74.874,31,25.727,1000.0
874,2017-08-01 20:14:00,1.0,1,1,BREASTSTROKE,50,75.687,30,1000.0,0.0
875,2017-08-01 20:14:00,1.0,2,2,FREESTYLE,50,62.998,20,0.0,0.0
876,2017-08-01 20:14:00,1.0,3,3,BREASTSTROKE,50,59.812,26,0.0,0.0
877,2017-08-01 20:14:00,1.0,4,4,FREESTYLE,50,64.937,20,0.0,13.258
878,2017-08-01 20:14:00,2.0,1,5,DRILL,100,162.508,0,13.258,35.492
879,2017-08-01 20:14:00,3.0,1,6,FREESTYLE,50,56.312,17,35.492,77.898
880,2017-08-01 20:14:00,4.0,1,7,FREESTYLE,100,92.687,36,77.898,43.344
881,2017-08-01 20:14:00,5.0,1,8,BREASTSTROKE,50,69.437,29,43.344,16.625
882,2017-08-01 20:14:00,6.0,1,9,DRILL,100,167.592,0,16.625,58.219
883,2017-08-01 20:14:00,7.0,1,10,FREESTYLE,500,631.105,210,58.219,53.344
884,2017-08-01 20:14:00,8.0,1,11,DRILL,100,172.864,0,53.344,21.383
885,2017-08-01 20:14:00,9.0,1,12,BREASTSTROKE,50,71.748,30,21.383,1000.0
886,2017-08-03 20:42:00,1.0,1,1,BREASTSTROKE,50,72.562,29,1000.0,0.0
887,2017-08-03 20:42:00,1.0,2,2,FREESTYLE,50,69.625,21,0.0,0.0
888,2017-08-03 20:42:00,1.0,3,3,BREASTSTROKE,50,64.374,28,0.0,0.0
889,2017-08-03 20:42:00,1.0,4,4,FREESTYLE,50,64.312,20,0.0,12.266
890,2017-08-03 20:42:00,2.0,1,5,DRILL,100,182.052,0,12.266,13.57
891,2017-08-03 20:42:00,3.0,1,6,FREESTYLE,525,687.929,229,13.57,56.539
892,2017-08-03 20:42:00,4.0,1,7,DRILL,100,181.912,0,56.539,22.336
893,2017-08-03 20:42:00,5.0,1,8,BREASTSTROKE,100,158.937,61,22.336,1000.0
894,2017-08-06 12:42:00,1.0,1,1,BREASTSTROKE,50,71.562,26,1000.0,0.0
895,2017-08-06 12:42:00,1.0,2,2,FREESTYLE,50,67.312,22,0.0,0.0
896,2017-08-06 12:42:00,1.0,3,3,BREASTSTROKE,50,70.187,30,0.0,0.0
897,2017-08-06 12:42:00,1.0,4,4,FREESTYLE,50,56.375,18,0.0,6.86
898,2017-08-06 12:42:00,2.0,1,5,DRILL,100,159.78,0,6.86,7.94
899,2017-08-06 12:42:00,3.0,1,6,FREESTYLE,500,620.547,197,7.94,10.703
900,2017-08-06 12:42:00,4.0,1,7,DRILL,100,165.74,0,10.703,37.508
901,2017-08-06 12:42:00,5.0,1,8,BREASTSTROKE,100,146.436,59,37.508,0.547
902,2017-09-11 09:37:00,1.0,1,9,FREESTYLE,100,109.854,37,52.547,14.383
903,2017-09-11 09:37:00,2.0,1,10,BREASTSTROKE,100,134.624,57,14.383,46.461
904,2017-09-11 09:37:00,3.0,1,11,DRILL,100,179.188,0,46.461,33.75
905,2017-09-11 09:37:00,4.0,1,12,FREESTYLE,100,115.623,43,33.75,3.359
906,2017-09-11 09:37:00,5.0,1,13,BREASTSTROKE,100,133.312,60,3.359,34.695
907,2017-09-11 09:37:00,6.0,1,14,DRILL,100,175.492,0,34.695,16.08
908,2017-09-11 09:37:00,7.0,1,15,BREASTSTROKE,50,67.499,31,16.08,0.0
909,2017-09-11 09:37:00,7.0,2,16,FREESTYLE,100,124.109,44,0.0,0.0
910,2017-09-11 09:37:00,7.0,3,17,BREASTSTROKE,50,70.812,33,0.0,1000.0
911,2017-09-13 07:09:00,1.0,1,1,BREASTSTROKE,50,67.437,30,1000.0,0.0
912,2017-09-13 07:09:00,1.0,2,2,FREESTYLE,50,60.437,20,0.0,0.0
913,2017-09-13 07:09:00,1.0,3,3,BREASTSTROKE,50,61.624,27,0.0,0.0
914,2017-09-13 07:09:00,1.0,4,4,FREESTYLE,50,59.812,20,0.0,22.727
915,2017-09-13 07:09:00,2.0,1,5,DRILL,100,171.5,0,22.727,54.188
916,2017-09-13 07:09:00,3.0,1,6,FREESTYLE,100,106.312,37,54.188,42.609
917,2017-09-13 07:09:00,4.0,1,7,BREASTSTROKE,125,122.124,59,42.609,51.0
918,2017-09-13 07:09:00,5.0,1,8,DRILL,100,169.396,0,51.0,4.352
919,2017-09-13 07:09:00,6.0,1,9,BREASTSTROKE,50,65.624,32,66.165,0.0
920,2017-09-13 07:09:00,6.0,2,10,FREESTYLE,75,119.437,41,0.0,0.0
921,2017-09-13 07:09:00,6.0,3,11,BREASTSTROKE,50,69.562,31,0.0,1000.0
922,2017-09-15 07:21:00,1.0,1,1,BREASTSTROKE,50,66.187,29,1000.0,0.0
923,2017-09-15 07:21:00,1.0,2,2,FREESTYLE,50,67.248,22,0.0,0.0
924,2017-09-15 07:21:00,1.0,3,3,BREASTSTROKE,50,67.245,30,0.0,0.0
925,2017-09-15 07:21:00,1.0,4,4,FREESTYLE,50,55.124,17,0.0,23.484
926,2017-09-15 07:21:00,2.0,1,5,DRILL,100,173.116,0,23.484,36.945
927,2017-09-15 07:21:00,3.0,1,6,FREESTYLE,100,96.374,39,36.945,39.555
928,2017-09-15 07:21:00,4.0,1,7,BREASTSTROKE,100,140.994,65,39.555,40.383
929,2017-09-15 07:21:00,5.0,1,8,BACKSTROKE,100,140.374,57,40.383,15.172
930,2017-09-15 07:21:00,6.0,1,9,DRILL,100,173.156,0,15.172,28.406
931,2017-09-15 07:21:00,7.0,1,10,FREESTYLE,50,59.187,20,28.406,0.0
932,2017-09-15 07:21:00,7.0,2,11,BREASTSTROKE,50,73.374,32,0.0,1000.0
933,2017-09-17 09:11:00,1.0,1,1,BREASTSTROKE,50,70.5,27,1000.0,0.0
934,2017-09-17 09:11:00,1.0,2,2,FREESTYLE,50,58.937,19,0.0,0.0
935,2017-09-17 09:11:00,1.0,3,3,BREASTSTROKE,50,66.812,27,0.0,0.0
936,2017-09-17 09:11:00,1.0,4,4,FREESTYLE,50,62.998,20,0.0,47.63
937,2017-09-17 09:11:00,2.0,1,5,DRILL,100,165.984,0,47.63,30.828
938,2017-09-17 09:11:00,3.0,1,6,BREASTSTROKE,100,129.062,56,30.828,21.102
939,2017-09-17 09:11:00,4.0,1,7,FREESTYLE,200,221.307,76,21.102,69.93
940,2017-09-17 09:11:00,5.0,1,8,BACKSTROKE,100,137.422,52,69.93,37.719
941,2017-09-17 09:11:00,6.0,1,9,DRILL,100,157.06,0,37.719,63.313
942,2017-09-17 09:11:00,7.0,1,10,BREASTSTROKE,50,70.62,30,63.313,0.0
943,2017-09-17 09:11:00,7.0,2,11,FREESTYLE,100,122.499,40,0.0,0.0
944,2017-09-17 09:11:00,7.0,3,12,BREASTSTROKE,50,71.937,31,0.0,1000.0
945,2017-09-20 07:18:00,1.0,1,1,BREASTSTROKE,50,65.5,31,1000.0,0.0
946,2017-09-20 07:18:00,1.0,2,2,FREESTYLE,50,63.182,22,0.0,0.0
947,2017-09-20 07:18:00,1.0,3,3,BREASTSTROKE,50,69.937,30,0.0,0.0
948,2017-09-20 07:18:00,1.0,4,4,FREESTYLE,50,54.5,18,0.0,53.602
949,2017-09-20 07:18:00,2.0,1,5,DRILL,100,172.428,0,53.602,28.945
950,2017-09-20 07:18:00,3.0,1,6,FREESTYLE,100,109.062,38,28.945,0.0
951,2017-09-20 07:18:00,3.0,2,7,BREASTSTROKE,100,136.562,62,0.0,0.0
952,2017-09-20 07:18:00,3.0,3,8,BACKSTROKE,100,137.623,53,0.0,0.0
953,2017-09-20 07:18:00,3.0,4,9,BREASTSTROKE,100,141.807,63,0.0,0.0
954,2017-09-20 07:18:00,3.0,5,10,FREESTYLE,100,116.999,38,0.0,24.55
955,2017-09-20 07:18:00,4.0,1,11,DRILL,100,171.852,0,24.55,17.836
956,2017-09-20 07:18:00,5.0,1,12,BREASTSTROKE,50,70.749,32,17.836,0.0
957,2017-09-20 07:18:00,5.0,2,13,FREESTYLE,25,30.187,10,0.0,0.0
958,2017-09-20 07:18:00,5.0,3,14,BREASTSTROKE,25,38.687,14,0.0,1000.0
959,2017-09-22 07:23:00,1.0,1,1,BREASTSTROKE,50,69.312,28,1000.0,0.0
960,2017-09-22 07:23:00,1.0,2,2,FREESTYLE,50,58.312,21,0.0,0.0
961,2017-09-22 07:23:00,1.0,3,3,BREASTSTROKE,50,72.249,31,0.0,0.0
962,2017-09-22 07:23:00,1.0,4,4,FREESTYLE,50,53.5,16,0.0,61.453
963,2017-09-22 07:23:00,2.0,1,5,DRILL,100,162.6,0,61.453,38.961
964,2017-09-22 07:23:00,3.0,1,6,FREESTYLE,100,114.118,37,38.961,0.0
965,2017-09-22 07:23:00,3.0,2,7,BREASTSTROKE,100,128.311,57,0.0,0.0
966,2017-09-22 07:23:00,3.0,3,8,BACKSTROKE,100,145.624,54,0.0,0.0
967,2017-09-22 07:23:00,3.0,4,9,BREASTSTROKE,100,135.373,62,0.0,0.0
968,2017-09-22 07:23:00,3.0,5,10,FREESTYLE,100,118.249,42,0.0,63.664
969,2017-09-22 07:23:00,4.0,1,11,DRILL,100,162.96,0,63.664,32.226
970,2017-09-22 07:23:00,5.0,1,12,BREASTSTROKE,50,69.807,28,32.226,0.0
971,2017-09-22 07:23:00,5.0,2,13,FREESTYLE,50,65.0,20,0.0,1000.0
972,2017-09-27 07:22:00,1.0,1,1,BREASTSTROKE,50,64.373,27,1000.0,0.0
973,2017-09-27 07:22:00,1.0,2,2,FREESTYLE,50,57.625,18,0.0,0.0
974,2017-09-27 07:22:00,1.0,3,3,BREASTSTROKE,50,69.5,30,0.0,0.0
975,2017-09-27 07:22:00,1.0,4,4,FREESTYLE,50,54.312,18,0.0,5.578
976,2017-09-27 07:22:00,2.0,1,5,DRILL,100,168.552,0,5.578,18.758
977,2017-09-27 07:22:00,3.0,1,6,FREESTYLE,100,120.436,45,18.758,0.0
978,2017-09-27 07:22:00,3.0,2,7,BREASTSTROKE,100,123.744,60,0.0,0.0
979,2017-09-27 07:22:00,3.0,3,8,BACKSTROKE,100,145.307,53,0.0,0.0
980,2017-09-27 07:22:00,3.0,4,9,BREASTSTROKE,100,135.994,60,0.0,0.0
981,2017-09-27 07:22:00,3.0,5,10,FREESTYLE,100,126.749,43,0.0,34.23
982,2017-09-27 07:22:00,4.0,1,11,DRILL,100,178.188,0,34.23,12.563
983,2017-09-27 07:22:00,5.0,1,12,BREASTSTROKE,50,72.687,31,12.563,0.0
984,2017-09-27 07:22:00,5.0,2,13,FREESTYLE,50,65.25,21,0.0,1000.0
985,2017-09-28 07:28:00,1.0,1,1,BREASTSTROKE,100,135.81,60,1000.0,0.0
986,2017-09-28 07:28:00,1.0,2,2,FREESTYLE,100,121.744,39,0.0,43.68
987,2017-09-28 07:28:00,2.0,1,3,DRILL,100,168.748,0,43.68,19.0
988,2017-09-28 07:28:00,3.0,1,4,FREESTYLE,200,221.68,82,19.0,34.156
989,2017-09-28 07:28:00,4.0,1,5,BREASTSTROKE,100,133.31,59,34.156,6.984
990,2017-09-28 07:28:00,5.0,1,6,DRILL,100,171.092,0,6.984,7.469
991,2017-09-28 07:28:00,6.0,1,7,BREASTSTROKE,25,32.75,14,7.469,0.0
992,2017-09-28 07:28:00,6.0,2,8,FREESTYLE,50,60.5,20,0.0,0.0
993,2017-09-28 07:28:00,6.0,3,9,BREASTSTROKE,25,36.312,14,0.0,1000.0
994,2017-10-02 07:24:00,1.0,1,1,BREASTSTROKE,100,140.56,59,1000.0,0.0
995,2017-10-02 07:24:00,1.0,2,2,FREESTYLE,100,111.87,36,0.0,29.195
996,2017-10-02 07:24:00,2.0,1,3,DRILL,100,162.288,0,29.195,18.961
997,2017-10-02 07:24:00,3.0,1,4,FREESTYLE,100,113.937,40,18.961,0.0
998,2017-10-02 07:24:00,3.0,2,5,BREASTSTROKE,100,126.557,59,0.0,0.0
999,2017-10-02 07:24:00,3.0,3,6,FREESTYLE,100,119.561,43,0.0,0.0
1000,2017-10-02 07:24:00,3.0,4,7,BREASTSTROKE,100,135.25,60,0.0,27.32
1001,2017-10-02 07:24:00,4.0,1,8,DRILL,100,167.356,0,27.32,29.828
1002,2017-10-02 07:24:00,5.0,1,9,FREESTYLE,100,120.436,40,29.828,0.0
1003,2017-10-02 07:24:00,5.0,2,10,BREASTSTROKE,100,144.561,64,0.0,1000.0
1004,2017-10-05 07:20:00,1.0,1,1,BREASTSTROKE,50,67.057,27,1000.0,0.0
1005,2017-10-05 07:20:00,1.0,2,2,FREESTYLE,50,57.125,20,0.0,0.0
1006,2017-10-05 07:20:00,1.0,3,3,BREASTSTROKE,50,70.5,30,0.0,0.0
1007,2017-10-05 07:20:00,1.0,4,4,FREESTYLE,50,54.375,17,0.0,25.445
1008,2017-10-05 07:20:00,2.0,1,5,DRILL,100,158.976,0,25.445,51.461
1009,2017-10-05 07:20:00,3.0,1,6,FREESTYLE,100,109.999,37,51.461,0.0
1010,2017-10-05 07:20:00,3.0,2,7,BREASTSTROKE,100,133.686,58,0.0,0.0
1011,2017-10-05 07:20:00,3.0,3,8,BACKSTROKE,100,147.687,50,0.0,0.0
1012,2017-10-05 07:20:00,3.0,4,9,BREASTSTROKE,100,130.744,61,0.0,0.0
1013,2017-10-05 07:20:00,3.0,5,10,FREESTYLE,100,116.498,40,0.0,75.336
1014,2017-10-05 07:20:00,4.0,1,11,DRILL,100,170.148,0,75.336,39.289
1015,2017-10-05 07:20:00,5.0,1,12,FREESTYLE,50,66.687,21,39.289,0.0
1016,2017-10-05 07:20:00,5.0,2,13,BREASTSTROKE,50,64.124,25,0.0,1000.0
1017,2017-10-07 09:41:00,1.0,1,1,BREASTSTROKE,50,68.874,27,1000.0,0.0
1018,2017-10-07 09:41:00,1.0,2,2,FREESTYLE,50,61.624,20,0.0,0.0
1019,2017-10-07 09:41:00,1.0,3,3,BREASTSTROKE,50,67.749,29,0.0,0.0
1020,2017-10-07 09:41:00,1.0,4,4,FREESTYLE,50,66.995,21,0.0,31.477
1021,2017-10-07 09:41:00,2.0,1,5,DRILL,100,154.68,0,31.477,34.445
1022,2017-10-07 09:41:00,3.0,1,6,FREESTYLE,100,120.374,41,34.445,0.0
1023,2017-10-07 09:41:00,3.0,2,7,BREASTSTROKE,100,127.124,55,0.0,0.0
1024,2017-10-07 09:41:00,3.0,3,8,BACKSTROKE,50,66.249,19,0.0,0.0
1025,2017-10-07 09:41:00,3.0,4,9,BREASTSTROKE,25,35.437,10,0.0,0.0
1026,2017-10-07 09:41:00,3.0,5,10,BACKSTROKE,25,50.5,16,0.0,0.0
1027,2017-10-07 09:41:00,3.0,6,11,BREASTSTROKE,100,136.935,61,0.0,0.0
1028,2017-10-07 09:41:00,3.0,7,12,FREESTYLE,100,121.369,40,0.0,68.391
1029,2017-10-07 09:41:00,4.0,1,13,DRILL,100,151.74,0,68.391,22.445
1030,2017-10-07 09:41:00,5.0,1,14,FREESTYLE,50,59.0,19,22.445,0.0
1031,2017-10-07 09:41:00,5.0,2,15,BREASTSTROKE,50,72.25,30,0.0,1000.0
1032,2017-10-08 17:15:00,1.0,1,1,BREASTSTROKE,50,75.0,31,1000.0,0.0
1033,2017-10-08 17:15:00,1.0,2,2,FREESTYLE,50,55.062,17,0.0,0.0
1034,2017-10-08 17:15:00,1.0,3,3,BREASTSTROKE,50,68.625,29,0.0,0.0
1035,2017-10-08 17:15:00,1.0,4,4,FREESTYLE,50,61.187,20,0.0,40.484
1036,2017-10-08 17:15:00,2.0,1,5,DRILL,100,149.968,0,40.484,49.406
1037,2017-10-08 17:15:00,3.0,1,6,FREESTYLE,100,110.182,39,49.406,0.0
1038,2017-10-08 17:15:00,3.0,2,7,BREASTSTROKE,100,130.874,61,0.0,0.0
1039,2017-10-08 17:15:00,3.0,3,8,BACKSTROKE,75,109.25,37,0.0,0.0
1040,2017-10-08 17:15:00,3.0,4,9,BREASTSTROKE,125,172.124,74,0.0,0.0
1041,2017-10-08 17:15:00,3.0,5,10,FREESTYLE,100,108.307,39,0.0,61.711
1042,2017-10-08 17:15:00,4.0,1,11,DRILL,100,158.52,0,61.711,59.539
1043,2017-10-08 17:15:00,5.0,1,12,FREESTYLE,400,463.483,170,59.539,59.828
1044,2017-10-08 17:15:00,6.0,1,13,BREASTSTROKE,200,299.811,128,59.828,1000.0
1045,2017-10-11 07:48:00,1.0,1,1,BREASTSTROKE,50,69.374,29,1000.0,0.0
1046,2017-10-11 07:48:00,1.0,2,2,FREESTYLE,50,60.062,20,0.0,0.0
1047,2017-10-11 07:48:00,1.0,3,3,BREASTSTROKE,50,70.499,28,0.0,0.0
1048,2017-10-11 07:48:00,1.0,4,4,FREESTYLE,50,60.312,20,0.0,41.68
1049,2017-10-11 07:48:00,2.0,1,5,DRILL,100,168.796,0,41.68,46.78
1050,2017-10-11 07:48:00,3.0,1,6,FREESTYLE,100,116.745,38,46.78,0.0
1051,2017-10-11 07:48:00,3.0,2,7,BREASTSTROKE,300,421.874,171,0.0,0.0
1052,2017-10-11 07:48:00,3.0,3,8,FREESTYLE,100,120.682,40,0.0,70.68
1053,2017-10-11 07:48:00,4.0,1,9,DRILL,100,172.7,0,70.68,15.672
1054,2017-10-11 07:48:00,5.0,1,10,BREASTSTROKE,25,30.312,14,15.672,0.0
1055,2017-10-11 07:48:00,5.0,2,11,FREESTYLE,50,64.057,21,0.0,0.0
1056,2017-10-11 07:48:00,5.0,3,12,BREASTSTROKE,25,37.75,15,0.0,1000.0
1057,2017-10-12 17:11:00,1.0,1,1,BREASTSTROKE,100,141.185,60,1000.0,0.0
1058,2017-10-12 17:11:00,1.0,2,2,FREESTYLE,100,114.937,38,0.0,61.55
1059,2017-10-12 17:11:00,2.0,1,3,DRILL,100,162.944,0,61.55,106.992
1060,2017-10-12 17:11:00,3.0,1,4,FREESTYLE,100,91.061,40,106.992,22.914
1061,2017-10-12 17:11:00,4.0,1,5,BREASTSTROKE,100,142.057,62,22.914,63.57
1062,2017-10-12 17:11:00,5.0,1,6,DRILL,100,164.968,0,63.57,48.469
1063,2017-10-12 17:11:00,6.0,1,7,FREESTYLE,100,121.625,42,48.469,0.0
1064,2017-10-12 17:11:00,6.0,2,8,BREASTSTROKE,125,178.374,76,0.0,0.0
1065,2017-10-12 17:11:00,6.0,3,9,BACKSTROKE,75,120.37,40,0.0,0.0
1066,2017-10-12 17:11:00,6.0,4,10,BREASTSTROKE,100,141.927,64,0.0,0.0
1067,2017-10-12 17:11:00,6.0,5,11,FREESTYLE,100,122.686,42,0.0,19.406
1068,2017-10-12 17:11:00,7.0,1,12,DRILL,100,164.64,0,19.406,63.984
1069,2017-10-12 17:11:00,8.0,1,13,FREESTYLE,100,97.186,39,63.984,40.109
1070,2017-10-12 17:11:00,9.0,1,14,BREASTSTROKE,50,74.687,35,40.109,0.0
1071,2017-10-12 17:11:00,9.0,2,15,FREESTYLE,100,123.937,41,0.0,0.0
1072,2017-10-12 17:11:00,9.0,3,16,BREASTSTROKE,50,76.062,32,0.0,1000.0
1073,2017-10-15 17:06:00,1.0,1,1,BREASTSTROKE,50,76.312,33,1000.0,0.0
1074,2017-10-15 17:06:00,1.0,2,2,FREESTYLE,50,68.437,23,0.0,0.0
1075,2017-10-15 17:06:00,1.0,3,3,BREASTSTROKE,50,63.0,28,0.0,0.0
1076,2017-10-15 17:06:00,1.0,4,4,FREESTYLE,50,61.312,20,0.0,51.609
1077,2017-10-15 17:06:00,2.0,1,5,DRILL,100,166.312,0,51.609,69.438
1078,2017-10-15 17:06:00,3.0,1,6,FREESTYLE,100,90.499,39,69.438,72.453
1079,2017-10-15 17:06:00,4.0,1,7,BREASTSTROKE,100,138.667,62,72.453,45.867
1080,2017-10-15 17:06:00,5.0,1,8,FREESTYLE,200,241.81,80,45.867,0.0
1081,2017-10-15 17:06:00,5.0,2,9,BREASTSTROKE,100,131.062,63,0.0,0.0
1082,2017-10-15 17:06:00,5.0,3,10,BACKSTROKE,100,130.936,47,0.0,0.0
1083,2017-10-15 17:06:00,5.0,4,11,BREASTSTROKE,100,146.042,68,0.0,0.0
1084,2017-10-15 17:06:00,5.0,5,12,FREESTYLE,200,241.867,86,0.0,69.984
1085,2017-10-15 17:06:00,6.0,1,13,DRILL,100,165.476,0,69.984,32.86
1086,2017-10-15 17:06:00,7.0,1,14,FREESTYLE,50,57.375,19,32.86,0.0
1087,2017-10-15 17:06:00,7.0,2,15,BREASTSTROKE,50,63.498,30,0.0,0.0
1088,2017-10-15 17:06:00,7.0,3,16,FREESTYLE,50,72.437,24,0.0,0.0
1089,2017-10-15 17:06:00,7.0,4,17,BREASTSTROKE,50,70.062,30,0.0,1000.0
1090,2017-10-18 07:20:00,1.0,1,1,BREASTSTROKE,50,71.432,31,1000.0,0.0
1091,2017-10-18 07:20:00,1.0,2,2,FREESTYLE,50,66.936,23,0.0,0.0
1092,2017-10-18 07:20:00,1.0,3,3,BREASTSTROKE,50,52.998,26,0.0,0.0
1093,2017-10-18 07:20:00,1.0,4,4,FREESTYLE,50,63.245,21,0.0,46.82
1094,2017-10-18 07:20:00,2.0,1,5,DRILL,100,169.1,0,46.82,63.836
1095,2017-10-18 07:20:00,3.0,1,6,FREESTYLE,50,57.812,19,63.836,0.0
1096,2017-10-18 07:20:00,3.0,2,7,BREASTSTROKE,50,72.437,31,0.0,1000.0
1097,2017-10-21 15:38:00,1.0,1,1,BREASTSTROKE,50,78.432,34,1000.0,0.0
1098,2017-10-21 15:38:00,1.0,2,2,FREESTYLE,50,58.187,17,0.0,0.0
1099,2017-10-21 15:38:00,1.0,3,3,BREASTSTROKE,50,71.874,30,0.0,0.0
1100,2017-10-21 15:38:00,1.0,4,4,FREESTYLE,50,56.812,19,0.0,41.242
1101,2017-10-21 15:38:00,2.0,1,5,DRILL,100,171.452,0,41.242,132.859
1102,2017-10-21 15:38:00,3.0,1,6,FREESTYLE,100,89.748,41,132.859,34.773
1103,2017-10-21 15:38:00,4.0,1,7,BREASTSTROKE,100,148.248,66,34.773,122.867
1104,2017-10-21 15:38:00,5.0,1,8,FREESTYLE,200,249.97,83,122.867,0.0
1105,2017-10-21 15:38:00,5.0,2,9,BREASTSTROKE,100,144.373,66,0.0,0.0
1106,2017-10-21 15:38:00,5.0,3,10,BACKSTROKE,25,40.875,13,0.0,0.0
1107,2017-10-21 15:38:00,5.0,4,11,BREASTSTROKE,175,256.493,103,0.0,0.0
1108,2017-10-21 15:38:00,5.0,5,12,FREESTYLE,200,257.243,90,0.0,80.516
1109,2017-10-21 15:38:00,6.0,1,13,DRILL,100,176.788,0,80.516,48.336
1110,2017-10-21 15:38:00,7.0,1,14,BREASTSTROKE,50,65.187,29,48.336,0.0
1111,2017-10-21 15:38:00,7.0,2,15,FREESTYLE,100,130.123,46,0.0,0.0
1112,2017-10-21 15:38:00,7.0,3,16,BREASTSTROKE,50,68.937,30,0.0,1000.0
1113,2017-10-23 07:21:00,1.0,1,1,BREASTSTROKE,50,64.999,28,1000.0,0.0
1114,2017-10-23 07:21:00,1.0,2,2,FREESTYLE,50,63.806,21,0.0,0.0
1115,2017-10-23 07:21:00,1.0,3,3,BREASTSTROKE,50,76.375,36,0.0,0.0
1116,2017-10-23 07:21:00,1.0,4,4,FREESTYLE,50,49.249,18,0.0,43.883
1117,2017-10-23 07:21:00,2.0,1,5,DRILL,100,172.444,0,43.883,52.242
1118,2017-10-23 07:21:00,3.0,1,6,FREESTYLE,75,119.307,44,52.242,11.375
1119,2017-10-23 07:21:00,4.0,1,7,FREESTYLE,50,57.937,23,11.375,0.0
1120,2017-10-23 07:21:00,4.0,2,8,BREASTSTROKE,100,129.0,62,0.0,0.0
1121,2017-10-23 07:21:00,4.0,3,9,FREESTYLE,100,120.375,45,0.0,0.0
1122,2017-10-23 07:21:00,4.0,4,10,BREASTSTROKE,100,137.187,64,0.0,0.0
1123,2017-10-23 07:21:00,4.0,5,11,FREESTYLE,50,68.186,23,0.0,40.43
1124,2017-10-23 07:21:00,5.0,1,12,BREASTSTROKE,50,72.75,33,40.43,0.0
1125,2017-10-23 07:21:00,5.0,2,13,FREESTYLE,100,125.249,43,0.0,0.0
1126,2017-10-23 07:21:00,5.0,3,14,BREASTSTROKE,50,78.812,32,0.0,1000.0
1127,2017-10-25 07:19:00,1.0,1,1,BREASTSTROKE,50,69.937,29,1000.0,0.0
1128,2017-10-25 07:19:00,1.0,2,2,FREESTYLE,50,61.062,19,0.0,0.0
1129,2017-10-25 07:19:00,1.0,3,3,BREASTSTROKE,50,63.374,30,0.0,0.0
1130,2017-10-25 07:19:00,1.0,4,4,FREESTYLE,50,59.75,20,0.0,30.234
1131,2017-10-25 07:19:00,2.0,1,5,DRILL,100,181.232,0,30.234,55.703
1132,2017-10-25 07:19:00,3.0,1,6,FREESTYLE,100,110.937,37,55.703,0.0
1133,2017-10-25 07:19:00,3.0,2,7,BREASTSTROKE,100,122.624,60,0.0,0.0
1134,2017-10-25 07:19:00,3.0,3,8,BACKSTROKE,50,78.187,27,0.0,0.0
1135,2017-10-25 07:19:00,3.0,4,9,BREASTSTROKE,150,224.373,91,0.0,0.0
1136,2017-10-25 07:19:00,3.0,5,10,FREESTYLE,100,123.998,41,0.0,49.383
1137,2017-10-25 07:19:00,4.0,1,11,DRILL,100,179.912,0,49.383,4.461
1138,2017-10-25 07:19:00,5.0,1,12,FREESTYLE,50,62.874,23,27.086,0.0
1139,2017-10-25 07:19:00,5.0,2,13,BREASTSTROKE,50,63.625,28,0.0,1000.0
1140,2017-10-27 07:26:00,1.0,1,1,BREASTSTROKE,50,73.625,31,1000.0,0.0
1141,2017-10-27 07:26:00,1.0,2,2,FREESTYLE,50,54.937,18,0.0,0.0
1142,2017-10-27 07:26:00,1.0,3,3,BREASTSTROKE,50,67.311,31,0.0,0.0
1143,2017-10-27 07:26:00,1.0,4,4,FREESTYLE,50,63.812,21,0.0,13.477
1144,2017-10-27 07:26:00,2.0,1,5,DRILL,100,191.28,0,13.477,17.109
1145,2017-10-27 07:26:00,3.0,1,6,FREESTYLE,100,115.25,39,17.109,0.0
1146,2017-10-27 07:26:00,3.0,2,7,BREASTSTROKE,125,171.239,77,0.0,0.0
1147,2017-10-27 07:26:00,3.0,3,8,BACKSTROKE,50,77.749,25,0.0,0.0
1148,2017-10-27 07:26:00,3.0,4,9,BREASTSTROKE,125,183.749,81,0.0,0.0
1149,2017-10-27 07:26:00,3.0,5,10,FREESTYLE,100,121.437,45,0.0,84.734
1150,2017-10-27 07:26:00,4.0,1,11,DRILL,100,174.74,0,84.734,44.82
1151,2017-10-27 07:26:00,5.0,1,12,FREESTYLE,50,97.0,35,44.82,0.0
1152,2017-10-27 07:26:00,5.0,2,13,BREASTSTROKE,25,36.437,14,0.0,1000.0
1153,2017-10-29 15:04:00,1.0,1,1,BREASTSTROKE,25,37.75,19,1000.0,0.0
1154,2017-10-29 15:04:00,1.0,2,2,FREESTYLE,25,31.0,10,0.0,0.0
1155,2017-10-29 15:04:00,1.0,3,3,BREASTSTROKE,25,35.437,17,0.0,0.0
1156,2017-10-29 15:04:00,1.0,4,4,FREESTYLE,25,31.5,10,0.0,0.0
1157,2017-10-29 15:04:00,1.0,5,5,BREASTSTROKE,50,71.937,31,0.0,0.0
1158,2017-10-29 15:04:00,1.0,6,6,FREESTYLE,25,30.62,11,0.0,31.953
1159,2017-10-29 15:04:00,2.0,1,7,DRILL,100,181.732,0,31.953,58.16
1160,2017-10-29 15:04:00,3.0,1,8,FREESTYLE,1000,1208.856,429,58.16,54.586
1161,2017-10-29 15:04:00,4.0,1,9,DRILL,100,175.732,0,54.586,27.16
1162,2017-10-29 15:04:00,5.0,1,10,BREASTSTROKE,100,156.249,62,27.16,1000.0
1163,2017-11-01 09:12:00,1.0,1,1,BREASTSTROKE,50,68.245,31,1000.0,0.0
1164,2017-11-01 09:12:00,1.0,2,2,FREESTYLE,50,62.187,21,0.0,0.0
1165,2017-11-01 09:12:00,1.0,3,3,BREASTSTROKE,50,71.124,31,0.0,0.0
1166,2017-11-01 09:12:00,1.0,4,4,FREESTYLE,50,62.687,21,0.0,40.813
1167,2017-11-01 09:12:00,2.0,1,5,DRILL,100,182.92,0,40.813,107.203
1168,2017-11-01 09:12:00,3.0,1,6,FREESTYLE,100,90.624,41,107.203,51.94
1169,2017-11-01 09:12:00,4.0,1,7,BREASTSTROKE,100,146.936,65,51.94,18.0
1170,2017-11-01 09:12:00,5.0,1,8,FREESTYLE,500,630.807,222,18.0,77.617
1171,2017-11-01 09:12:00,6.0,1,9,DRILL,100,195.36,0,77.617,21.914
1172,2017-11-01 09:12:00,7.0,1,10,FREESTYLE,50,58.187,21,21.914,0.0
1173,2017-11-01 09:12:00,7.0,2,11,BREASTSTROKE,50,65.686,32,0.0,0.0
1174,2017-11-01 09:12:00,7.0,3,12,FREESTYLE,50,67.25,23,0.0,0.0
1175,2017-11-01 09:12:00,7.0,4,13,BREASTSTROKE,50,78.0,32,0.0,1000.0
1176,2017-11-08 07:24:00,1.0,1,1,BREASTSTROKE,50,67.187,31,1000.0,0.0
1177,2017-11-08 07:24:00,1.0,2,2,FREESTYLE,50,62.557,20,0.0,0.0
1178,2017-11-08 07:24:00,1.0,3,3,BREASTSTROKE,50,64.686,30,0.0,0.0
1179,2017-11-08 07:24:00,1.0,4,4,FREESTYLE,50,61.625,20,0.0,61.375
1180,2017-11-08 07:24:00,2.0,1,5,DRILL,100,176.0,0,61.375,59.75
1181,2017-11-08 07:24:00,3.0,1,6,FREESTYLE,100,117.062,42,59.75,0.0
1182,2017-11-08 07:24:00,3.0,2,7,BREASTSTROKE,100,126.749,58,0.0,0.0
1183,2017-11-08 07:24:00,3.0,3,8,BACKSTROKE,100,154.374,48,0.0,0.0
1184,2017-11-08 07:24:00,3.0,4,9,BREASTSTROKE,100,137.937,64,0.0,0.0
1185,2017-11-08 07:24:00,3.0,5,10,FREESTYLE,100,127.999,44,0.0,43.781
1186,2017-11-08 07:24:00,4.0,1,11,DRILL,100,189.38,0,43.781,19.367
1187,2017-11-08 07:24:00,5.0,1,12,FREESTYLE,50,70.125,25,19.367,0.0
1188,2017-11-08 07:24:00,5.0,2,13,BREASTSTROKE,50,64.75,27,0.0,1000.0
1189,2017-11-11 09:11:00,1.0,1,1,BREASTSTROKE,125,146.436,61,1000.0,0.0
1190,2017-11-11 09:11:00,1.0,2,2,FREESTYLE,100,118.937,37,0.0,65.719
1191,2017-11-11 09:11:00,2.0,1,3,DRILL,100,180.82,0,65.719,29.93
1192,2017-11-11 09:11:00,3.0,1,4,FREESTYLE,100,115.061,41,29.93,0.0
1193,2017-11-11 09:11:00,3.0,2,5,BREASTSTROKE,100,136.561,65,0.0,0.0
1194,2017-11-11 09:11:00,3.0,3,6,BACKSTROKE,75,107.5,37,0.0,0.0
1195,2017-11-11 09:11:00,3.0,4,7,BREASTSTROKE,125,181.497,81,0.0,0.0
1196,2017-11-11 09:11:00,3.0,5,8,FREESTYLE,100,120.624,42,0.0,53.445
1197,2017-11-11 09:11:00,4.0,1,9,DRILL,100,165.74,0,53.445,125.133
1198,2017-11-11 09:11:00,5.0,1,10,FREESTYLE,200,230.921,84,125.133,74.289
1199,2017-11-11 09:11:00,6.0,1,11,DRILL,100,174.78,0,74.289,20.719
1200,2017-11-11 09:11:00,7.0,1,12,FREESTYLE,50,62.87,21,20.719,0.0
1201,2017-11-11 09:11:00,7.0,2,13,BREASTSTROKE,50,79.812,31,0.0,1000.0
1202,2017-11-13 07:29:00,1.0,1,1,BREASTSTROKE,50,68.25,27,1000.0,0.0
1203,2017-11-13 07:29:00,1.0,2,2,FREESTYLE,50,60.562,20,0.0,0.0
1204,2017-11-13 07:29:00,1.0,3,3,BREASTSTROKE,50,68.25,29,0.0,0.0
1205,2017-11-13 07:29:00,1.0,4,4,FREESTYLE,50,63.312,21,0.0,6.313
1206,2017-11-13 07:29:00,2.0,1,5,DRILL,100,163.68,0,19.188,34.195
1207,2017-11-13 07:29:00,3.0,1,6,FREESTYLE,100,116.624,41,34.195,0.0
1208,2017-11-13 07:29:00,3.0,2,7,BREASTSTROKE,100,137.811,61,0.0,0.0
1209,2017-11-13 07:29:00,3.0,3,8,BACKSTROKE,25,32.25,12,0.0,0.0
1210,2017-11-13 07:29:00,3.0,4,9,BREASTSTROKE,175,257.748,103,0.0,0.0
1211,2017-11-13 07:29:00,3.0,5,10,FREESTYLE,100,124.936,41,0.0,45.805
1212,2017-11-13 07:29:00,4.0,1,11,FREESTYLE,50,55.937,20,45.805,0.0
1213,2017-11-13 07:29:00,4.0,2,12,BREASTSTROKE,50,65.436,31,0.0,0.0
1214,2017-11-13 07:29:00,4.0,3,13,FREESTYLE,50,71.182,24,0.0,0.0
1215,2017-11-13 07:29:00,4.0,4,14,BREASTSTROKE,50,74.062,30,0.0,1000.0
1216,2017-11-17 07:25:00,1.0,1,1,BREASTSTROKE,50,72.062,32,1000.0,0.0
1217,2017-11-17 07:25:00,1.0,2,2,FREESTYLE,50,57.187,20,0.0,0.0
1218,2017-11-17 07:25:00,1.0,3,3,BREASTSTROKE,50,58.812,27,0.0,0.0
1219,2017-11-17 07:25:00,1.0,4,4,FREESTYLE,50,61.375,20,0.0,55.461
1220,2017-11-17 07:25:00,2.0,1,5,DRILL,100,173.48,0,55.461,45.602
1221,2017-11-17 07:25:00,3.0,1,6,FREESTYLE,100,116.062,38,45.602,0.0
1222,2017-11-17 07:25:00,3.0,2,7,BREASTSTROKE,100,130.562,62,0.0,0.0
1223,2017-11-17 07:25:00,3.0,3,8,FREESTYLE,100,126.749,43,0.0,39.672
1224,2017-11-17 07:25:00,4.0,1,9,DRILL,100,169.836,0,39.672,19.789
1225,2017-11-17 07:25:00,5.0,1,10,FREESTYLE,50,68.75,23,19.789,0.0
1226,2017-11-17 07:25:00,5.0,2,11,BREASTSTROKE,50,68.812,28,0.0,0.0
